-- MySQL dump 10.13  Distrib 8.0.34, for Win64 (x86_64)
--
-- Host: localhost    Database: music
-- ------------------------------------------------------
-- Server version	8.1.0

/*!40101 SET @OLD_CHARACTER_SET_CLIENT=@@CHARACTER_SET_CLIENT */;
/*!40101 SET @OLD_CHARACTER_SET_RESULTS=@@CHARACTER_SET_RESULTS */;
/*!40101 SET @OLD_COLLATION_CONNECTION=@@COLLATION_CONNECTION */;
/*!50503 SET NAMES utf8 */;
/*!40103 SET @OLD_TIME_ZONE=@@TIME_ZONE */;
/*!40103 SET TIME_ZONE='+00:00' */;
/*!40014 SET @OLD_UNIQUE_CHECKS=@@UNIQUE_CHECKS, UNIQUE_CHECKS=0 */;
/*!40014 SET @OLD_FOREIGN_KEY_CHECKS=@@FOREIGN_KEY_CHECKS, FOREIGN_KEY_CHECKS=0 */;
/*!40101 SET @OLD_SQL_MODE=@@SQL_MODE, SQL_MODE='NO_AUTO_VALUE_ON_ZERO' */;
/*!40111 SET @OLD_SQL_NOTES=@@SQL_NOTES, SQL_NOTES=0 */;

--
-- Table structure for table `favourite_playlists`
--

CREATE DATABASE IF NOT EXISTS music;

USE music;

SET SQL_MODE = "NO_AUTO_VALUE_ON_ZERO";
START TRANSACTION;
SET time_zone = "+00:00";

DROP TABLE IF EXISTS `favourite_playlists`;
/*!40101 SET @saved_cs_client     = @@character_set_client */;
/*!50503 SET character_set_client = utf8mb4 */;
CREATE TABLE `favourite_playlists` (
  `user_id` char(36) NOT NULL,
  `playlist_id` char(36) NOT NULL,
  `created_at` timestamp NULL DEFAULT (now()),
  PRIMARY KEY (`user_id`,`playlist_id`),
  KEY `favourite_playlists_ibfk_2` (`playlist_id`),
  CONSTRAINT `favourite_playlists_ibfk_1` FOREIGN KEY (`user_id`) REFERENCES `users` (`id`) ON DELETE CASCADE ON UPDATE CASCADE,
  CONSTRAINT `favourite_playlists_ibfk_2` FOREIGN KEY (`playlist_id`) REFERENCES `playlists` (`id`) ON DELETE CASCADE ON UPDATE CASCADE
) ENGINE=InnoDB DEFAULT CHARSET=utf8mb4 COLLATE=utf8mb4_0900_ai_ci;
/*!40101 SET character_set_client = @saved_cs_client */;

--
-- Dumping data for table `favourite_playlists`
--

LOCK TABLES `favourite_playlists` WRITE;
/*!40000 ALTER TABLE `favourite_playlists` DISABLE KEYS */;
INSERT INTO `favourite_playlists` VALUES ('3384b101-fa2a-4b98-8374-6dc53037519c','03ef6e3f-5c08-4bcd-b516-580aae618854','2024-05-10 15:21:47'),('3384b101-fa2a-4b98-8374-6dc53037519c','2ad82fd3-5b13-4aa2-9d2a-1ab4b243caa3','2024-05-12 15:29:09'),('3384b101-fa2a-4b98-8374-6dc53037519c','2bd52ad4-f5d5-4a03-90cd-2bf4d0c2ccd9','2024-05-12 15:30:18'),('3384b101-fa2a-4b98-8374-6dc53037519c','2df5dd1a-091b-4aab-8187-70e5d8a5066d','2024-05-10 15:02:26'),('3384b101-fa2a-4b98-8374-6dc53037519c','3f373e05-385b-4a94-bf31-679efc2128bf','2024-05-12 17:47:45'),('3384b101-fa2a-4b98-8374-6dc53037519c','3fac11c2-c1e4-4da6-8fa1-0854447146b0','2024-05-07 15:43:27'),('3384b101-fa2a-4b98-8374-6dc53037519c','512b3784-16d0-42da-9106-64f88b6f422f','2024-05-12 15:32:05'),('3384b101-fa2a-4b98-8374-6dc53037519c','5b3ab282-c811-4e41-8e49-3bea67c5bdd3','2024-05-14 15:29:38'),('3384b101-fa2a-4b98-8374-6dc53037519c','70383645-b568-4996-bdba-b0bbe6148bd3','2024-05-07 15:44:13'),('3384b101-fa2a-4b98-8374-6dc53037519c','7d3dd241-80c3-4b54-b2c7-d9b35fd54824','2024-05-12 15:20:13'),('3384b101-fa2a-4b98-8374-6dc53037519c','980072d7-9137-496b-8c43-28839a153222','2024-05-12 17:44:55'),('3384b101-fa2a-4b98-8374-6dc53037519c','982780f5-8ee6-4b4c-8a00-834a0229093a','2024-05-12 15:06:01'),('3384b101-fa2a-4b98-8374-6dc53037519c','abed92e9-385f-43c4-a75e-47437c6dc335','2024-05-12 15:31:32'),('3384b101-fa2a-4b98-8374-6dc53037519c','c2c124a7-71e1-4527-a469-bba23fe9a6f4','2024-05-12 17:45:02'),('3384b101-fa2a-4b98-8374-6dc53037519c','dbf74315-820b-4796-a8b4-b4efa8d649d1','2024-05-13 14:01:37'),('3384b101-fa2a-4b98-8374-6dc53037519c','e02a6568-2007-4d05-91a1-c8a8a396887e','2024-05-12 17:55:24'),('3384b101-fa2a-4b98-8374-6dc53037519c','e0bcf0e1-8b3a-461c-95b4-e6e964891410','2024-05-12 17:47:24'),('3384b101-fa2a-4b98-8374-6dc53037519c','e1f673f9-4c61-4570-bec1-62a1c9bd7e8f','2024-05-14 17:33:03'),('3384b101-fa2a-4b98-8374-6dc53037519c','f682a687-5f68-48dc-9c6a-adcfd7fbba4d','2024-05-13 13:56:02'),('3384b101-fa2a-4b98-8374-6dc53037519c','f6997494-e399-451b-9fea-bc37c46e8a24','2024-05-12 15:13:12'),('3384b101-fa2a-4b98-8374-6dc53037519c','ff154c91-0b59-4645-a6ef-e684fa96c9c7','2024-05-07 15:44:22'),('35b2c4aa-6ffe-4bcd-990f-e56754a81573','8914abad-e260-4640-b7d2-83e1d7643067','2024-06-01 06:18:18'),('35b2c4aa-6ffe-4bcd-990f-e56754a81573','ecda5cb6-f2fa-4e54-99f7-265af186c423','2024-06-01 06:17:35'),('3fb128f9-5e82-408e-abee-b85145e6ad58','1b43896e-f925-4b0a-9167-536a2c0fbc7b','2024-05-25 06:31:30'),('3fb128f9-5e82-408e-abee-b85145e6ad58','3fac11c2-c1e4-4da6-8fa1-0854447146b0','2024-05-23 18:57:08'),('3fb128f9-5e82-408e-abee-b85145e6ad58','40933209-a0f7-44fc-af12-2ad49e52d0d8','2024-05-24 10:56:45'),('3fb128f9-5e82-408e-abee-b85145e6ad58','41a3bdcd-c9e2-4f7d-8f0d-954ad7b8076e','2024-05-23 18:57:02'),('3fb128f9-5e82-408e-abee-b85145e6ad58','ecda5cb6-f2fa-4e54-99f7-265af186c423','2024-05-26 15:16:53'),('bd6b6989-6c7f-4ae3-ae8a-f156b8694cba','016b4054-6109-40a3-a13e-09ab2c05d365','2024-04-30 14:28:45'),('bd6b6989-6c7f-4ae3-ae8a-f156b8694cba','03ef6e3f-5c08-4bcd-b516-580aae618854','2024-05-13 14:57:06'),('bd6b6989-6c7f-4ae3-ae8a-f156b8694cba','3fac11c2-c1e4-4da6-8fa1-0854447146b0','2024-04-30 14:26:29'),('bd6b6989-6c7f-4ae3-ae8a-f156b8694cba','41a3bdcd-c9e2-4f7d-8f0d-954ad7b8076e','2024-05-14 16:31:00'),('bd6b6989-6c7f-4ae3-ae8a-f156b8694cba','443a0b67-1f94-413f-a7ab-6ed424783bc7','2024-06-08 09:10:07'),('bd6b6989-6c7f-4ae3-ae8a-f156b8694cba','5b3ab282-c811-4e41-8e49-3bea67c5bdd3','2024-05-14 15:31:46'),('bd6b6989-6c7f-4ae3-ae8a-f156b8694cba','70383645-b568-4996-bdba-b0bbe6148bd3','2024-05-01 04:59:15'),('bd6b6989-6c7f-4ae3-ae8a-f156b8694cba','705e7117-f10e-44b5-ae7b-e66696557f83','2024-05-19 10:41:22'),('bd6b6989-6c7f-4ae3-ae8a-f156b8694cba','85be6d7c-a636-44d7-b657-0a1cc39bf5e3','2024-06-11 15:12:54'),('bd6b6989-6c7f-4ae3-ae8a-f156b8694cba','bc07f19c-6a38-42c8-926e-1a39de2a9ac5','2024-06-05 15:32:28'),('bd6b6989-6c7f-4ae3-ae8a-f156b8694cba','c9b89444-2339-4d5b-ba04-4df4093d75b1','2024-05-13 17:55:04'),('bd6b6989-6c7f-4ae3-ae8a-f156b8694cba','d494bff1-5d26-48a0-8fb2-18a46fead6d0','2024-04-30 13:59:51'),('bd6b6989-6c7f-4ae3-ae8a-f156b8694cba','e75930c4-becd-4e1b-8094-b187164bd24c','2024-04-30 14:23:23'),('bd6b6989-6c7f-4ae3-ae8a-f156b8694cba','ff154c91-0b59-4645-a6ef-e684fa96c9c7','2024-05-01 05:08:58'),('e3d5d919-0673-4dc5-8f03-e81dce2ac0ee','0ed159c8-94f7-450d-86be-ce48b7ec787b','2024-04-28 04:49:23'),('e3d5d919-0673-4dc5-8f03-e81dce2ac0ee','3fac11c2-c1e4-4da6-8fa1-0854447146b0','2024-05-02 15:12:59'),('e3d5d919-0673-4dc5-8f03-e81dce2ac0ee','5b3ab282-c811-4e41-8e49-3bea67c5bdd3','2024-06-05 11:43:28'),('e3d5d919-0673-4dc5-8f03-e81dce2ac0ee','713445d9-8db5-42b7-953a-a21b045c18ad','2024-04-28 04:49:17'),('e3d5d919-0673-4dc5-8f03-e81dce2ac0ee','8914abad-e260-4640-b7d2-83e1d7643067','2024-06-05 11:43:23'),('e3d5d919-0673-4dc5-8f03-e81dce2ac0ee','c2e96309-8245-43b7-9fb3-ec8be0cefa8c','2024-04-28 04:49:29'),('e3d5d919-0673-4dc5-8f03-e81dce2ac0ee','d494bff1-5d26-48a0-8fb2-18a46fead6d0','2024-04-27 17:19:03'),('e3d5d919-0673-4dc5-8f03-e81dce2ac0ee','d5dfe80b-14b5-44fc-8e68-554187a9355a','2024-04-28 04:49:04'),('e3d5d919-0673-4dc5-8f03-e81dce2ac0ee','ff154c91-0b59-4645-a6ef-e684fa96c9c7','2024-04-28 09:00:29');
/*!40000 ALTER TABLE `favourite_playlists` ENABLE KEYS */;
UNLOCK TABLES;

--
-- Temporary view structure for view `favourite_playlists_count`
--

DROP TABLE IF EXISTS `favourite_playlists_count`;
/*!50001 DROP VIEW IF EXISTS `favourite_playlists_count`*/;
SET @saved_cs_client     = @@character_set_client;
/*!50503 SET character_set_client = utf8mb4 */;
/*!50001 CREATE VIEW `favourite_playlists_count` AS SELECT 
 1 AS `playlist_id`,
 1 AS `count`*/;
SET character_set_client = @saved_cs_client;

--
-- Table structure for table `favourite_songs`
--

DROP TABLE IF EXISTS `favourite_songs`;
/*!40101 SET @saved_cs_client     = @@character_set_client */;
/*!50503 SET character_set_client = utf8mb4 */;
CREATE TABLE `favourite_songs` (
  `user_id` char(36) NOT NULL,
  `song_id` char(36) NOT NULL,
  `created_at` timestamp NULL DEFAULT (now()),
  PRIMARY KEY (`user_id`,`song_id`),
  KEY `favourite_songs_ibfk_2` (`song_id`),
  CONSTRAINT `favourite_songs_ibfk_1` FOREIGN KEY (`user_id`) REFERENCES `users` (`id`) ON DELETE CASCADE ON UPDATE CASCADE,
  CONSTRAINT `favourite_songs_ibfk_2` FOREIGN KEY (`song_id`) REFERENCES `songs` (`id`) ON DELETE CASCADE ON UPDATE CASCADE
) ENGINE=InnoDB DEFAULT CHARSET=utf8mb4 COLLATE=utf8mb4_0900_ai_ci;
/*!40101 SET character_set_client = @saved_cs_client */;

--
-- Dumping data for table `favourite_songs`
--

LOCK TABLES `favourite_songs` WRITE;
/*!40000 ALTER TABLE `favourite_songs` DISABLE KEYS */;
INSERT INTO `favourite_songs` VALUES ('3384b101-fa2a-4b98-8374-6dc53037519c','51c1a7f6-f243-4c4e-aca7-06dfae56a517','2024-05-11 12:39:15'),('3384b101-fa2a-4b98-8374-6dc53037519c','5463eeb8-4288-4412-a527-89b1f073a0cf','2024-05-12 17:59:06'),('3384b101-fa2a-4b98-8374-6dc53037519c','5898a40d-d33e-411f-b022-5ba51be8cee3','2024-05-07 15:46:30'),('3384b101-fa2a-4b98-8374-6dc53037519c','77e5b6ad-c155-4b42-bbb0-1b148b8c7070','2024-05-07 15:44:06'),('3384b101-fa2a-4b98-8374-6dc53037519c','b8167d65-107a-4972-8ce6-34147ccf4df8','2024-05-12 17:59:09'),('3384b101-fa2a-4b98-8374-6dc53037519c','c42ee98d-b18f-4084-943f-58371863588c','2024-05-12 17:58:53'),('3fb128f9-5e82-408e-abee-b85145e6ad58','5898a40d-d33e-411f-b022-5ba51be8cee3','2024-05-23 17:25:31'),('3fb128f9-5e82-408e-abee-b85145e6ad58','77e5b6ad-c155-4b42-bbb0-1b148b8c7070','2024-05-23 18:57:27'),('3fb128f9-5e82-408e-abee-b85145e6ad58','c42ee98d-b18f-4084-943f-58371863588c','2024-05-23 18:57:31'),('bd6b6989-6c7f-4ae3-ae8a-f156b8694cba','2a801568-725c-4ceb-855f-6d35de19aa15','2024-05-14 04:34:36'),('bd6b6989-6c7f-4ae3-ae8a-f156b8694cba','51c1a7f6-f243-4c4e-aca7-06dfae56a517','2024-05-01 04:57:47'),('bd6b6989-6c7f-4ae3-ae8a-f156b8694cba','5463eeb8-4288-4412-a527-89b1f073a0cf','2024-04-30 13:58:19'),('bd6b6989-6c7f-4ae3-ae8a-f156b8694cba','5ecf4831-2764-47d9-b171-beee40c37799','2024-04-30 13:58:23'),('bd6b6989-6c7f-4ae3-ae8a-f156b8694cba','77e5b6ad-c155-4b42-bbb0-1b148b8c7070','2024-05-01 04:57:57'),('bd6b6989-6c7f-4ae3-ae8a-f156b8694cba','85e901f7-fbfe-4dae-82bf-1b4084b082fb','2024-04-30 11:42:41'),('bd6b6989-6c7f-4ae3-ae8a-f156b8694cba','b3096212-fc5e-42c1-a43d-f33958de8127','2024-04-30 11:42:37'),('bd6b6989-6c7f-4ae3-ae8a-f156b8694cba','b8167d65-107a-4972-8ce6-34147ccf4df8','2024-04-30 13:58:21'),('bd6b6989-6c7f-4ae3-ae8a-f156b8694cba','c42ee98d-b18f-4084-943f-58371863588c','2024-06-09 18:54:18'),('bd6b6989-6c7f-4ae3-ae8a-f156b8694cba','df7f78f4-364a-465e-9d74-fb962c4c87d0','2024-06-11 17:36:03'),('bd6b6989-6c7f-4ae3-ae8a-f156b8694cba','e13f347d-35a0-4390-8a98-8dc964b98028','2024-06-11 17:35:57'),('bd6b6989-6c7f-4ae3-ae8a-f156b8694cba','ed01f831-4bec-4bfd-9eb3-15b1e4f551d5','2024-05-01 16:32:12'),('bd6b6989-6c7f-4ae3-ae8a-f156b8694cba','fb95a41a-0d9b-4805-811b-23123213232','2024-06-05 15:08:20'),('bd6b6989-6c7f-4ae3-ae8a-f156b8694cba','fb95a41a-0d9b-4805-811b-e77ff4773c31','2024-04-30 11:42:49'),('e3d5d919-0673-4dc5-8f03-e81dce2ac0ee','2a801568-725c-4ceb-855f-6d35de19aa15','2024-06-05 13:55:44'),('e3d5d919-0673-4dc5-8f03-e81dce2ac0ee','51c1a7f6-f243-4c4e-aca7-06dfae56a517','2024-06-05 12:42:35'),('e3d5d919-0673-4dc5-8f03-e81dce2ac0ee','5463eeb8-4288-4412-a527-89b1f073a0cf','2024-06-05 12:47:24'),('e3d5d919-0673-4dc5-8f03-e81dce2ac0ee','5898a40d-d33e-411f-b022-5ba51be8cee3','2024-06-05 13:23:11'),('e3d5d919-0673-4dc5-8f03-e81dce2ac0ee','5ecf4831-2764-47d9-b171-beee40c37799','2024-06-05 12:58:09'),('e3d5d919-0673-4dc5-8f03-e81dce2ac0ee','77e5b6ad-c155-4b42-bbb0-1b148b8c7070','2024-06-05 13:53:59'),('e3d5d919-0673-4dc5-8f03-e81dce2ac0ee','85e901f7-fbfe-4dae-82bf-1b4084b082fb','2024-05-01 16:31:49'),('e3d5d919-0673-4dc5-8f03-e81dce2ac0ee','9279eead-2f3f-4784-a27e-d6840f04384c','2024-05-11 10:05:58'),('e3d5d919-0673-4dc5-8f03-e81dce2ac0ee','b3096212-fc5e-42c1-a43d-f33958de8127','2024-06-05 12:43:20'),('e3d5d919-0673-4dc5-8f03-e81dce2ac0ee','b8167d65-107a-4972-8ce6-34147ccf4df8','2024-06-05 10:33:12'),('e3d5d919-0673-4dc5-8f03-e81dce2ac0ee','c20b1e79-c9a1-4f2f-b772-4922d918b9af','2024-05-01 16:31:43'),('e3d5d919-0673-4dc5-8f03-e81dce2ac0ee','c42ee98d-b18f-4084-943f-58371863588c','2024-06-05 13:41:33'),('e3d5d919-0673-4dc5-8f03-e81dce2ac0ee','fb95a41a-0d9b-4805-811b-e77ff4773c31','2024-06-05 13:41:49');
/*!40000 ALTER TABLE `favourite_songs` ENABLE KEYS */;
UNLOCK TABLES;

--
-- Temporary view structure for view `favourite_songs_count`
--

DROP TABLE IF EXISTS `favourite_songs_count`;
/*!50001 DROP VIEW IF EXISTS `favourite_songs_count`*/;
SET @saved_cs_client     = @@character_set_client;
/*!50503 SET character_set_client = utf8mb4 */;
/*!50001 CREATE VIEW `favourite_songs_count` AS SELECT 
 1 AS `song_id`,
 1 AS `count`*/;
SET character_set_client = @saved_cs_client;

--
-- Temporary view structure for view `followers_count`
--

DROP TABLE IF EXISTS `followers_count`;
/*!50001 DROP VIEW IF EXISTS `followers_count`*/;
SET @saved_cs_client     = @@character_set_client;
/*!50503 SET character_set_client = utf8mb4 */;
/*!50001 CREATE VIEW `followers_count` AS SELECT 
 1 AS `user_id`,
 1 AS `count`*/;
SET character_set_client = @saved_cs_client;

--
-- Temporary view structure for view `following_count`
--

DROP TABLE IF EXISTS `following_count`;
/*!50001 DROP VIEW IF EXISTS `following_count`*/;
SET @saved_cs_client     = @@character_set_client;
/*!50503 SET character_set_client = utf8mb4 */;
/*!50001 CREATE VIEW `following_count` AS SELECT 
 1 AS `user_id`,
 1 AS `count`*/;
SET character_set_client = @saved_cs_client;

--
-- Table structure for table `follows`
--

DROP TABLE IF EXISTS `follows`;
/*!40101 SET @saved_cs_client     = @@character_set_client */;
/*!50503 SET character_set_client = utf8mb4 */;
CREATE TABLE `follows` (
  `follower_user_id` char(36) NOT NULL,
  `followed_user_id` char(36) NOT NULL,
  `created_at` timestamp NULL DEFAULT (now()),
  PRIMARY KEY (`follower_user_id`,`followed_user_id`),
  KEY `followed_user_id` (`followed_user_id`),
  CONSTRAINT `follows_ibfk_1` FOREIGN KEY (`follower_user_id`) REFERENCES `users` (`id`),
  CONSTRAINT `follows_ibfk_2` FOREIGN KEY (`followed_user_id`) REFERENCES `users` (`id`)
) ENGINE=InnoDB DEFAULT CHARSET=utf8mb4 COLLATE=utf8mb4_0900_ai_ci;
/*!40101 SET character_set_client = @saved_cs_client */;

--
-- Dumping data for table `follows`
--

LOCK TABLES `follows` WRITE;
/*!40000 ALTER TABLE `follows` DISABLE KEYS */;
INSERT INTO `follows` VALUES ('3384b101-fa2a-4b98-8374-6dc53037519c','17fa26a7-f486-4cff-8858-a3998ab22cae','2024-05-10 15:00:16'),('3384b101-fa2a-4b98-8374-6dc53037519c','bd6b6989-6c7f-4ae3-ae8a-f156b8694cba','2024-05-13 11:47:38'),('3384b101-fa2a-4b98-8374-6dc53037519c','e3d5d919-0673-4dc5-8f03-e81dce2ac0ee','2024-05-10 14:58:26'),('35b2c4aa-6ffe-4bcd-990f-e56754a81573','3384b101-fa2a-4b98-8374-6dc53037519c','2024-06-01 06:01:20'),('3fb128f9-5e82-408e-abee-b85145e6ad58','35b2c4aa-6ffe-4bcd-990f-e56754a81573','2024-05-24 10:39:28'),('3fb128f9-5e82-408e-abee-b85145e6ad58','bd6b6989-6c7f-4ae3-ae8a-f156b8694cba','2024-05-25 06:31:51'),('bd6b6989-6c7f-4ae3-ae8a-f156b8694cba','17fa26a7-f486-4cff-8858-a3998ab22cae','2024-05-18 17:25:33'),('bd6b6989-6c7f-4ae3-ae8a-f156b8694cba','36156136-cdec-443b-9bef-858dd8b81381','2024-05-18 17:31:43'),('bd6b6989-6c7f-4ae3-ae8a-f156b8694cba','8f912d16-bcb2-460b-a329-291be4a44512','2024-05-01 05:01:26'),('bd6b6989-6c7f-4ae3-ae8a-f156b8694cba','e3d5d919-0673-4dc5-8f03-e81dce2ac0ee','2024-05-18 18:34:55'),('e3d5d919-0673-4dc5-8f03-e81dce2ac0ee','17fa26a7-f486-4cff-8858-a3998ab22cae','2024-04-30 07:48:02'),('e3d5d919-0673-4dc5-8f03-e81dce2ac0ee','3384b101-fa2a-4b98-8374-6dc53037519c','2024-05-31 11:10:05'),('e3d5d919-0673-4dc5-8f03-e81dce2ac0ee','35b2c4aa-6ffe-4bcd-990f-e56754a81573','2024-04-28 05:17:43'),('e3d5d919-0673-4dc5-8f03-e81dce2ac0ee','8f912d16-bcb2-460b-a329-291be4a44512','2024-04-29 17:42:02'),('e3d5d919-0673-4dc5-8f03-e81dce2ac0ee','bd6b6989-6c7f-4ae3-ae8a-f156b8694cba','2024-06-04 13:07:57');
/*!40000 ALTER TABLE `follows` ENABLE KEYS */;
UNLOCK TABLES;

--
-- Table structure for table `genre`
--

DROP TABLE IF EXISTS `genre`;
/*!40101 SET @saved_cs_client     = @@character_set_client */;
/*!50503 SET character_set_client = utf8mb4 */;
CREATE TABLE `genre` (
  `id` char(36) NOT NULL,
  `title` varchar(45) NOT NULL,
  `image_path` varchar(255) DEFAULT NULL,
  `color` varchar(255) DEFAULT NULL,
  `created_at` timestamp NULL DEFAULT (now()),
  PRIMARY KEY (`id`)
) ENGINE=InnoDB DEFAULT CHARSET=utf8mb4 COLLATE=utf8mb4_0900_ai_ci;
/*!40101 SET character_set_client = @saved_cs_client */;

--
-- Dumping data for table `genre`
--

LOCK TABLES `genre` WRITE;
/*!40000 ALTER TABLE `genre` DISABLE KEYS */;
INSERT INTO `genre` VALUES ('1','Nhạc Pop',NULL,'rgb(220,20,140)','2024-03-03 08:10:26'),('10','Nhạc Jazz',NULL,'rgb(0,100,80)','2024-03-03 08:10:26'),('11','Nhạc Indie',NULL,'rgb(30,50,100)','2024-03-03 08:10:26'),('12','Nhạc Hòa tấu',NULL,'rgb(232,17,91)','2024-03-03 08:10:26'),('13','Nhạc Thiếu nhi',NULL,'rgb(96,129,8)','2024-03-03 08:10:26'),('14','Nhạc Nhật',NULL,'rgb(80,55,80)','2024-03-03 08:10:26'),('15','Nhạc Hàn',NULL,'rgb(80,55,80)','2024-03-03 08:10:26'),('16','Nhạc Trung',NULL,'rgb(13,115,236)','2024-03-03 08:10:26'),('17','Nhạc Phim',NULL,'rgb(80,55,80)','2024-03-03 08:10:26'),('18','Nhạc Game',NULL,'rgb(80,55,80)','2024-03-03 08:10:26'),('19','Nhạc Remix',NULL,'rgb(20,138,8)','2024-03-03 08:10:26'),('2','Nhạc Rock',NULL,'rgb(80,55,80)','2024-03-03 08:10:26'),('20','Nhạc Chế',NULL,'rgb(80,55,80)','2024-03-03 08:10:26'),('3','Nhạc Rap/Hip-hop',NULL,'rgb(80,55,80)','2024-03-03 08:10:26'),('4','Nhạc Ballad',NULL,'rgb(80,0,80)','2024-03-03 08:10:26'),('5','Nhạc EDM',NULL,'rgb(80,55,80)','2024-03-03 08:10:26'),('6','Nhạc Trữ tình',NULL,'rgb(80,55,80)','2024-03-03 08:10:26'),('7','Nhạc Đỏ',NULL,'rgb(80,55,80)','2024-03-03 08:10:26'),('8','Nhạc Dân ca',NULL,'rgb(80,55,80)','2024-03-03 08:10:26'),('9','Nhạc Cổ điển',NULL,'rgb(80,55,80)','2024-03-03 08:10:26');
/*!40000 ALTER TABLE `genre` ENABLE KEYS */;
UNLOCK TABLES;

--
-- Table structure for table `playlist_songs`
--

DROP TABLE IF EXISTS `playlist_songs`;
/*!40101 SET @saved_cs_client     = @@character_set_client */;
/*!50503 SET character_set_client = utf8mb4 */;
CREATE TABLE `playlist_songs` (
  `playlist_id` char(36) NOT NULL,
  `song_id` char(36) NOT NULL,
  `num_song` int DEFAULT NULL,
  `created_at` datetime DEFAULT (now()),
  PRIMARY KEY (`playlist_id`,`song_id`),
  KEY `playlist_songs_ibfk_1` (`song_id`),
  CONSTRAINT `playlist_songs_ibfk_1` FOREIGN KEY (`song_id`) REFERENCES `songs` (`id`) ON DELETE CASCADE ON UPDATE CASCADE,
  CONSTRAINT `playlist_songs_ibfk_2` FOREIGN KEY (`playlist_id`) REFERENCES `playlists` (`id`) ON DELETE CASCADE ON UPDATE CASCADE
) ENGINE=InnoDB DEFAULT CHARSET=utf8mb4 COLLATE=utf8mb4_0900_ai_ci;
/*!40101 SET character_set_client = @saved_cs_client */;

--
-- Dumping data for table `playlist_songs`
--

LOCK TABLES `playlist_songs` WRITE;
/*!40000 ALTER TABLE `playlist_songs` DISABLE KEYS */;
INSERT INTO `playlist_songs` VALUES ('016b4054-6109-40a3-a13e-09ab2c05d365','b3096212-fc5e-42c1-a43d-f33958de8127',3,'2024-05-01 12:00:36'),('016b4054-6109-40a3-a13e-09ab2c05d365','c20b1e79-c9a1-4f2f-b772-4922d918b9af',2,'2024-04-30 23:47:18'),('016b4054-6109-40a3-a13e-09ab2c05d365','ed01f831-4bec-4bfd-9eb3-15b1e4f551d5',4,'2024-05-01 20:19:42'),('016b4054-6109-40a3-a13e-09ab2c05d365','fb95a41a-0d9b-4805-811b-e77ff4773c31',1,'2024-04-30 23:47:17'),('02b4a15e-e344-4e0e-98d5-8c7b37fb28bb','2a801568-725c-4ceb-855f-6d35de19aa15',3,'2024-04-30 00:03:25'),('02b4a15e-e344-4e0e-98d5-8c7b37fb28bb','85e901f7-fbfe-4dae-82bf-1b4084b082fb',4,'2024-04-30 00:13:39'),('02b4a15e-e344-4e0e-98d5-8c7b37fb28bb','b3096212-fc5e-42c1-a43d-f33958de8127',2,'2024-04-29 23:56:21'),('03ef6e3f-5c08-4bcd-b516-580aae618854','51c1a7f6-f243-4c4e-aca7-06dfae56a517',7,'2024-05-11 19:19:44'),('03ef6e3f-5c08-4bcd-b516-580aae618854','5463eeb8-4288-4412-a527-89b1f073a0cf',8,'2024-05-11 19:19:46'),('03ef6e3f-5c08-4bcd-b516-580aae618854','5898a40d-d33e-411f-b022-5ba51be8cee3',10,'2024-05-12 21:56:01'),('03ef6e3f-5c08-4bcd-b516-580aae618854','5ecf4831-2764-47d9-b171-beee40c37799',1,'2024-05-10 22:40:27'),('03ef6e3f-5c08-4bcd-b516-580aae618854','77e5b6ad-c155-4b42-bbb0-1b148b8c7070',5,'2024-05-11 19:19:40'),('03ef6e3f-5c08-4bcd-b516-580aae618854','9279eead-2f3f-4784-a27e-d6840f04384c',4,'2024-05-10 22:40:33'),('03ef6e3f-5c08-4bcd-b516-580aae618854','9bef92d8-ef01-4628-9cd0-75c1e71d8a53',3,'2024-05-10 22:40:31'),('03ef6e3f-5c08-4bcd-b516-580aae618854','b8167d65-107a-4972-8ce6-34147ccf4df8',9,'2024-05-11 19:19:46'),('03ef6e3f-5c08-4bcd-b516-580aae618854','c42ee98d-b18f-4084-943f-58371863588c',6,'2024-05-11 19:19:43'),('0ed159c8-94f7-450d-86be-ce48b7ec787b','b3096212-fc5e-42c1-a43d-f33958de8127',2,'2024-04-29 23:56:53'),('1b43896e-f925-4b0a-9167-536a2c0fbc7b','5898a40d-d33e-411f-b022-5ba51be8cee3',1,'2024-05-25 13:31:42'),('2ad82fd3-5b13-4aa2-9d2a-1ab4b243caa3','77e5b6ad-c155-4b42-bbb0-1b148b8c7070',1,'2024-05-13 00:14:11'),('2bd52ad4-f5d5-4a03-90cd-2bf4d0c2ccd9','77e5b6ad-c155-4b42-bbb0-1b148b8c7070',1,'2024-05-13 00:14:11'),('2df5dd1a-091b-4aab-8187-70e5d8a5066d','2a801568-725c-4ceb-855f-6d35de19aa15',1,'2024-05-10 22:02:48'),('2df5dd1a-091b-4aab-8187-70e5d8a5066d','51c1a7f6-f243-4c4e-aca7-06dfae56a517',5,'2024-05-10 22:02:53'),('2df5dd1a-091b-4aab-8187-70e5d8a5066d','5463eeb8-4288-4412-a527-89b1f073a0cf',2,'2024-05-10 22:02:49'),('2df5dd1a-091b-4aab-8187-70e5d8a5066d','5ecf4831-2764-47d9-b171-beee40c37799',7,'2024-05-12 01:30:22'),('2df5dd1a-091b-4aab-8187-70e5d8a5066d','9279eead-2f3f-4784-a27e-d6840f04384c',4,'2024-05-10 22:02:52'),('2df5dd1a-091b-4aab-8187-70e5d8a5066d','9bef92d8-ef01-4628-9cd0-75c1e71d8a53',3,'2024-05-10 22:02:51'),('2df5dd1a-091b-4aab-8187-70e5d8a5066d','b8167d65-107a-4972-8ce6-34147ccf4df8',6,'2024-05-12 01:30:22'),('3fac11c2-c1e4-4da6-8fa1-0854447146b0','2a801568-725c-4ceb-855f-6d35de19aa15',11,'2024-05-01 00:32:59'),('3fac11c2-c1e4-4da6-8fa1-0854447146b0','51c1a7f6-f243-4c4e-aca7-06dfae56a517',13,'2024-05-01 00:33:51'),('3fac11c2-c1e4-4da6-8fa1-0854447146b0','5463eeb8-4288-4412-a527-89b1f073a0cf',10,'2024-05-01 00:11:48'),('3fac11c2-c1e4-4da6-8fa1-0854447146b0','5898a40d-d33e-411f-b022-5ba51be8cee3',17,'2024-05-14 11:34:49'),('3fac11c2-c1e4-4da6-8fa1-0854447146b0','5ecf4831-2764-47d9-b171-beee40c37799',18,'2024-06-05 22:17:31'),('3fac11c2-c1e4-4da6-8fa1-0854447146b0','77e5b6ad-c155-4b42-bbb0-1b148b8c7070',12,'2024-05-01 00:33:51'),('3fac11c2-c1e4-4da6-8fa1-0854447146b0','85e901f7-fbfe-4dae-82bf-1b4084b082fb',16,'2024-05-01 11:54:50'),('3fac11c2-c1e4-4da6-8fa1-0854447146b0','9279eead-2f3f-4784-a27e-d6840f04384c',8,'2024-05-01 00:11:46'),('3fac11c2-c1e4-4da6-8fa1-0854447146b0','9bef92d8-ef01-4628-9cd0-75c1e71d8a53',9,'2024-05-01 00:11:47'),('3fac11c2-c1e4-4da6-8fa1-0854447146b0','b8167d65-107a-4972-8ce6-34147ccf4df8',19,'2024-06-05 22:17:33'),('3fac11c2-c1e4-4da6-8fa1-0854447146b0','c42ee98d-b18f-4084-943f-58371863588c',13,'2024-05-01 00:33:51'),('40933209-a0f7-44fc-af12-2ad49e52d0d8','2a801568-725c-4ceb-855f-6d35de19aa15',6,'2024-05-25 13:41:11'),('40933209-a0f7-44fc-af12-2ad49e52d0d8','51c1a7f6-f243-4c4e-aca7-06dfae56a517',10,'2024-05-31 16:44:57'),('40933209-a0f7-44fc-af12-2ad49e52d0d8','5898a40d-d33e-411f-b022-5ba51be8cee3',2,'2024-05-25 01:24:32'),('40933209-a0f7-44fc-af12-2ad49e52d0d8','5ecf4831-2764-47d9-b171-beee40c37799',9,'2024-05-25 15:17:57'),('40933209-a0f7-44fc-af12-2ad49e52d0d8','77e5b6ad-c155-4b42-bbb0-1b148b8c7070',1,'2024-05-25 15:17:48'),('40933209-a0f7-44fc-af12-2ad49e52d0d8','9279eead-2f3f-4784-a27e-d6840f04384c',3,'2024-05-25 13:36:01'),('40933209-a0f7-44fc-af12-2ad49e52d0d8','9bef92d8-ef01-4628-9cd0-75c1e71d8a53',4,'2024-05-25 13:36:01'),('40933209-a0f7-44fc-af12-2ad49e52d0d8','b8167d65-107a-4972-8ce6-34147ccf4df8',7,'2024-05-25 13:41:09'),('40933209-a0f7-44fc-af12-2ad49e52d0d8','c42ee98d-b18f-4084-943f-58371863588c',5,'2024-05-25 13:41:06'),('40933209-a0f7-44fc-af12-2ad49e52d0d8','db7b919e-710a-4f1f-b11e-f2f7e8993805',8,'2024-05-26 22:03:34'),('443a0b67-1f94-413f-a7ab-6ed424783bc7','2a801568-725c-4ceb-855f-6d35de19aa15',4,'2024-06-08 16:10:23'),('443a0b67-1f94-413f-a7ab-6ed424783bc7','51c1a7f6-f243-4c4e-aca7-06dfae56a517',5,'2024-06-09 23:16:27'),('443a0b67-1f94-413f-a7ab-6ed424783bc7','5898a40d-d33e-411f-b022-5ba51be8cee3',1,'2024-06-08 16:10:15'),('443a0b67-1f94-413f-a7ab-6ed424783bc7','5ecf4831-2764-47d9-b171-beee40c37799',3,'2024-06-08 16:10:20'),('443a0b67-1f94-413f-a7ab-6ed424783bc7','b8167d65-107a-4972-8ce6-34147ccf4df8',2,'2024-06-08 16:10:17'),('512b3784-16d0-42da-9106-64f88b6f422f','5898a40d-d33e-411f-b022-5ba51be8cee3',1,'2024-05-12 22:44:41'),('5b3ab282-c811-4e41-8e49-3bea67c5bdd3','51c1a7f6-f243-4c4e-aca7-06dfae56a517',4,'2024-05-14 22:31:54'),('5b3ab282-c811-4e41-8e49-3bea67c5bdd3','5463eeb8-4288-4412-a527-89b1f073a0cf',7,'2024-05-14 22:31:56'),('5b3ab282-c811-4e41-8e49-3bea67c5bdd3','77e5b6ad-c155-4b42-bbb0-1b148b8c7070',1,'2024-05-14 22:31:51'),('5b3ab282-c811-4e41-8e49-3bea67c5bdd3','9279eead-2f3f-4784-a27e-d6840f04384c',2,'2024-05-14 22:31:52'),('5b3ab282-c811-4e41-8e49-3bea67c5bdd3','9bef92d8-ef01-4628-9cd0-75c1e71d8a53',5,'2024-05-14 22:31:54'),('5b3ab282-c811-4e41-8e49-3bea67c5bdd3','b8167d65-107a-4972-8ce6-34147ccf4df8',6,'2024-05-14 22:31:56'),('5b3ab282-c811-4e41-8e49-3bea67c5bdd3','c42ee98d-b18f-4084-943f-58371863588c',3,'2024-05-14 22:31:53'),('6674038c-8b4f-4a2e-a1da-4c38d8afcfea','5898a40d-d33e-411f-b022-5ba51be8cee3',1,'2024-06-04 18:23:54'),('70383645-b568-4996-bdba-b0bbe6148bd3','2a801568-725c-4ceb-855f-6d35de19aa15',4,'2024-05-02 21:23:49'),('70383645-b568-4996-bdba-b0bbe6148bd3','51c1a7f6-f243-4c4e-aca7-06dfae56a517',7,'2024-05-03 12:45:32'),('70383645-b568-4996-bdba-b0bbe6148bd3','5898a40d-d33e-411f-b022-5ba51be8cee3',10,'2024-06-04 18:23:59'),('70383645-b568-4996-bdba-b0bbe6148bd3','77e5b6ad-c155-4b42-bbb0-1b148b8c7070',2,'2024-05-02 21:23:46'),('70383645-b568-4996-bdba-b0bbe6148bd3','85e901f7-fbfe-4dae-82bf-1b4084b082fb',6,'2024-05-02 21:26:38'),('70383645-b568-4996-bdba-b0bbe6148bd3','9279eead-2f3f-4784-a27e-d6840f04384c',8,'2024-05-03 12:45:33'),('70383645-b568-4996-bdba-b0bbe6148bd3','9bef92d8-ef01-4628-9cd0-75c1e71d8a53',9,'2024-05-03 12:45:35'),('70383645-b568-4996-bdba-b0bbe6148bd3','b3096212-fc5e-42c1-a43d-f33958de8127',5,'2024-05-02 21:23:50'),('70383645-b568-4996-bdba-b0bbe6148bd3','c42ee98d-b18f-4084-943f-58371863588c',3,'2024-05-02 21:23:46'),('705e7117-f10e-44b5-ae7b-e66696557f83','2a801568-725c-4ceb-855f-6d35de19aa15',1,'2024-04-29 23:40:41'),('705e7117-f10e-44b5-ae7b-e66696557f83','85e901f7-fbfe-4dae-82bf-1b4084b082fb',4,'2024-04-30 00:13:38'),('705e7117-f10e-44b5-ae7b-e66696557f83','b3096212-fc5e-42c1-a43d-f33958de8127',2,'2024-04-29 23:56:19'),('705e7117-f10e-44b5-ae7b-e66696557f83','fb95a41a-0d9b-4805-811b-e77ff4773c31',3,'2024-04-30 00:12:06'),('713445d9-8db5-42b7-953a-a21b045c18ad','2a801568-725c-4ceb-855f-6d35de19aa15',1,'2024-04-29 23:40:49'),('713445d9-8db5-42b7-953a-a21b045c18ad','b3096212-fc5e-42c1-a43d-f33958de8127',2,'2024-04-29 23:56:58'),('7d3dd241-80c3-4b54-b2c7-d9b35fd54824','2a801568-725c-4ceb-855f-6d35de19aa15',5,'2024-05-12 22:32:58'),('7d3dd241-80c3-4b54-b2c7-d9b35fd54824','51c1a7f6-f243-4c4e-aca7-06dfae56a517',2,'2024-05-12 22:32:54'),('7d3dd241-80c3-4b54-b2c7-d9b35fd54824','5463eeb8-4288-4412-a527-89b1f073a0cf',7,'2024-05-12 22:33:03'),('7d3dd241-80c3-4b54-b2c7-d9b35fd54824','5ecf4831-2764-47d9-b171-beee40c37799',4,'2024-05-12 22:32:56'),('7d3dd241-80c3-4b54-b2c7-d9b35fd54824','77e5b6ad-c155-4b42-bbb0-1b148b8c7070',8,'2024-05-13 00:14:07'),('7d3dd241-80c3-4b54-b2c7-d9b35fd54824','9bef92d8-ef01-4628-9cd0-75c1e71d8a53',3,'2024-05-12 22:32:55'),('7d3dd241-80c3-4b54-b2c7-d9b35fd54824','b3096212-fc5e-42c1-a43d-f33958de8127',6,'2024-05-12 22:33:00'),('7d3dd241-80c3-4b54-b2c7-d9b35fd54824','c42ee98d-b18f-4084-943f-58371863588c',1,'2024-05-12 22:32:53'),('918c9846-5ea7-4026-bd01-796881784a72','2a801568-725c-4ceb-855f-6d35de19aa15',1,'2024-04-29 23:41:25'),('918c9846-5ea7-4026-bd01-796881784a72','b3096212-fc5e-42c1-a43d-f33958de8127',2,'2024-04-29 23:56:52'),('980072d7-9137-496b-8c43-28839a153222','51c1a7f6-f243-4c4e-aca7-06dfae56a517',5,'2024-05-13 00:48:53'),('980072d7-9137-496b-8c43-28839a153222','77e5b6ad-c155-4b42-bbb0-1b148b8c7070',6,'2024-05-13 20:55:14'),('980072d7-9137-496b-8c43-28839a153222','9279eead-2f3f-4784-a27e-d6840f04384c',3,'2024-05-13 00:48:52'),('980072d7-9137-496b-8c43-28839a153222','9bef92d8-ef01-4628-9cd0-75c1e71d8a53',4,'2024-05-13 00:48:52'),('980072d7-9137-496b-8c43-28839a153222','c42ee98d-b18f-4084-943f-58371863588c',2,'2024-05-13 00:48:50'),('982780f5-8ee6-4b4c-8a00-834a0229093a','77e5b6ad-c155-4b42-bbb0-1b148b8c7070',1,'2024-05-13 00:14:10'),('a44241a7-9812-4b1e-83d1-f71604d28cad','2a801568-725c-4ceb-855f-6d35de19aa15',3,'2024-04-30 00:03:17'),('a44241a7-9812-4b1e-83d1-f71604d28cad','b3096212-fc5e-42c1-a43d-f33958de8127',5,'2024-05-31 17:57:44'),('a44241a7-9812-4b1e-83d1-f71604d28cad','fb95a41a-0d9b-4805-811b-e77ff4773c31',4,'2024-04-30 00:12:19'),('abed92e9-385f-43c4-a75e-47437c6dc335','5898a40d-d33e-411f-b022-5ba51be8cee3',1,'2024-05-12 22:31:39'),('bc07f19c-6a38-42c8-926e-1a39de2a9ac5','2a801568-725c-4ceb-855f-6d35de19aa15',5,'2024-06-05 22:38:08'),('bc07f19c-6a38-42c8-926e-1a39de2a9ac5','51c1a7f6-f243-4c4e-aca7-06dfae56a517',13,'2024-06-05 22:37:45'),('bc07f19c-6a38-42c8-926e-1a39de2a9ac5','5463eeb8-4288-4412-a527-89b1f073a0cf',6,'2024-06-07 15:35:11'),('bc07f19c-6a38-42c8-926e-1a39de2a9ac5','5898a40d-d33e-411f-b022-5ba51be8cee3',3,'2024-06-05 22:38:04'),('bc07f19c-6a38-42c8-926e-1a39de2a9ac5','5ecf4831-2764-47d9-b171-beee40c37799',1,'2024-06-05 22:37:48'),('bc07f19c-6a38-42c8-926e-1a39de2a9ac5','77e5b6ad-c155-4b42-bbb0-1b148b8c7070',10,'2024-06-07 15:36:46'),('bc07f19c-6a38-42c8-926e-1a39de2a9ac5','9279eead-2f3f-4784-a27e-d6840f04384c',8,'2024-06-07 15:35:12'),('bc07f19c-6a38-42c8-926e-1a39de2a9ac5','9bef92d8-ef01-4628-9cd0-75c1e71d8a53',7,'2024-06-07 15:35:12'),('bc07f19c-6a38-42c8-926e-1a39de2a9ac5','b3096212-fc5e-42c1-a43d-f33958de8127',9,'2024-06-07 15:35:14'),('bc07f19c-6a38-42c8-926e-1a39de2a9ac5','b8167d65-107a-4972-8ce6-34147ccf4df8',4,'2024-06-05 22:38:06'),('bc07f19c-6a38-42c8-926e-1a39de2a9ac5','c20b1e79-c9a1-4f2f-b772-4922d918b9af',14,'2024-06-07 15:36:51'),('bc07f19c-6a38-42c8-926e-1a39de2a9ac5','c42ee98d-b18f-4084-943f-58371863588c',11,'2024-06-07 15:36:47'),('bc07f19c-6a38-42c8-926e-1a39de2a9ac5','db7b919e-710a-4f1f-b11e-f2f7e8993805',12,'2024-06-07 15:36:50'),('bc07f19c-6a38-42c8-926e-1a39de2a9ac5','fb95a41a-0d9b-4805-811b-23123213232',2,'2024-06-05 22:37:51'),('c2e96309-8245-43b7-9fb3-ec8be0cefa8c','2a801568-725c-4ceb-855f-6d35de19aa15',1,'2024-04-29 23:41:27'),('c2e96309-8245-43b7-9fb3-ec8be0cefa8c','51c1a7f6-f243-4c4e-aca7-06dfae56a517',3,'2024-06-05 19:04:23'),('c2e96309-8245-43b7-9fb3-ec8be0cefa8c','5463eeb8-4288-4412-a527-89b1f073a0cf',6,'2024-06-05 19:04:25'),('c2e96309-8245-43b7-9fb3-ec8be0cefa8c','9279eead-2f3f-4784-a27e-d6840f04384c',4,'2024-06-05 19:04:24'),('c2e96309-8245-43b7-9fb3-ec8be0cefa8c','9bef92d8-ef01-4628-9cd0-75c1e71d8a53',5,'2024-06-05 19:04:24'),('c2e96309-8245-43b7-9fb3-ec8be0cefa8c','b3096212-fc5e-42c1-a43d-f33958de8127',2,'2024-04-29 23:57:13'),('d494bff1-5d26-48a0-8fb2-18a46fead6d0','85e901f7-fbfe-4dae-82bf-1b4084b082fb',2,'2024-04-28 16:54:11'),('d494bff1-5d26-48a0-8fb2-18a46fead6d0','b3096212-fc5e-42c1-a43d-f33958de8127',7,'2024-04-29 23:56:36'),('d494bff1-5d26-48a0-8fb2-18a46fead6d0','c20b1e79-c9a1-4f2f-b772-4922d918b9af',4,'2024-04-28 16:54:15'),('d494bff1-5d26-48a0-8fb2-18a46fead6d0','db7b919e-710a-4f1f-b11e-f2f7e8993805',5,'2024-04-28 16:54:12'),('d5dfe80b-14b5-44fc-8e68-554187a9355a','2a801568-725c-4ceb-855f-6d35de19aa15',3,'2024-04-30 00:03:24'),('d5dfe80b-14b5-44fc-8e68-554187a9355a','b3096212-fc5e-42c1-a43d-f33958de8127',2,'2024-04-29 23:56:16'),('d5dfe80b-14b5-44fc-8e68-554187a9355a','fb95a41a-0d9b-4805-811b-e77ff4773c31',4,'2024-04-30 00:13:14'),('e75930c4-becd-4e1b-8094-b187164bd24c','5898a40d-d33e-411f-b022-5ba51be8cee3',1,'2024-04-30 21:25:53'),('e75930c4-becd-4e1b-8094-b187164bd24c','77e5b6ad-c155-4b42-bbb0-1b148b8c7070',2,'2024-04-30 21:25:53'),('e75930c4-becd-4e1b-8094-b187164bd24c','b3096212-fc5e-42c1-a43d-f33958de8127',6,'2024-05-01 12:00:36'),('e75930c4-becd-4e1b-8094-b187164bd24c','c20b1e79-c9a1-4f2f-b772-4922d918b9af',3,'2024-04-30 21:26:00'),('e75930c4-becd-4e1b-8094-b187164bd24c','db7b919e-710a-4f1f-b11e-f2f7e8993805',4,'2024-04-30 21:26:00'),('e75930c4-becd-4e1b-8094-b187164bd24c','ed01f831-4bec-4bfd-9eb3-15b1e4f551d5',7,'2024-05-01 20:19:42'),('e75930c4-becd-4e1b-8094-b187164bd24c','fb95a41a-0d9b-4805-811b-e77ff4773c31',5,'2024-05-01 00:09:10'),('ecda5cb6-f2fa-4e54-99f7-265af186c423','db7b919e-710a-4f1f-b11e-f2f7e8993805',1,'2024-05-26 22:16:55'),('f6997494-e399-451b-9fea-bc37c46e8a24','77e5b6ad-c155-4b42-bbb0-1b148b8c7070',1,'2024-05-13 00:14:08'),('ff154c91-0b59-4645-a6ef-e684fa96c9c7','2a801568-725c-4ceb-855f-6d35de19aa15',5,'2024-04-30 00:03:11'),('ff154c91-0b59-4645-a6ef-e684fa96c9c7','5898a40d-d33e-411f-b022-5ba51be8cee3',3,'2024-05-02 21:21:34'),('ff154c91-0b59-4645-a6ef-e684fa96c9c7','77e5b6ad-c155-4b42-bbb0-1b148b8c7070',4,'2024-05-02 21:21:35'),('ff154c91-0b59-4645-a6ef-e684fa96c9c7','85e901f7-fbfe-4dae-82bf-1b4084b082fb',2,'2024-04-30 00:04:12'),('ff154c91-0b59-4645-a6ef-e684fa96c9c7','b3096212-fc5e-42c1-a43d-f33958de8127',1,'2024-04-29 23:57:47'),('ff154c91-0b59-4645-a6ef-e684fa96c9c7','c42ee98d-b18f-4084-943f-58371863588c',6,'2024-05-02 21:21:36');
/*!40000 ALTER TABLE `playlist_songs` ENABLE KEYS */;
UNLOCK TABLES;

--
-- Table structure for table `playlists`
--

DROP TABLE IF EXISTS `playlists`;
/*!40101 SET @saved_cs_client     = @@character_set_client */;
/*!50503 SET character_set_client = utf8mb4 */;
CREATE TABLE `playlists` (
  `id` char(36) NOT NULL,
  `title` varchar(255) NOT NULL,
  `desc` varchar(500) DEFAULT NULL,
  `image_path` varchar(255) DEFAULT NULL,
  `genre_id` char(36) DEFAULT NULL,
  `user_id` char(36) NOT NULL,
  `public` tinyint(1) DEFAULT '1',
  `is_deleted` tinyint(1) DEFAULT '0',
  `created_at` timestamp NULL DEFAULT (now()),
  PRIMARY KEY (`id`),
  KEY `user_id` (`user_id`),
  KEY `playlist_ubfk_2_idx` (`genre_id`),
  CONSTRAINT `playlist_ubfk_2` FOREIGN KEY (`genre_id`) REFERENCES `genre` (`id`) ON DELETE SET NULL ON UPDATE SET NULL,
  CONSTRAINT `playlists_ibfk_1` FOREIGN KEY (`user_id`) REFERENCES `users` (`id`)
) ENGINE=InnoDB DEFAULT CHARSET=utf8mb4 COLLATE=utf8mb4_0900_ai_ci;
/*!40101 SET character_set_client = @saved_cs_client */;

--
-- Dumping data for table `playlists`
--

LOCK TABLES `playlists` WRITE;
/*!40000 ALTER TABLE `playlists` DISABLE KEYS */;
INSERT INTO `playlists` VALUES ('016b4054-6109-40a3-a13e-09ab2c05d365','chill private ',NULL,'ab6a028b-d47f-49d8-acf1-38d1c9e1c736.jpg',NULL,'bd6b6989-6c7f-4ae3-ae8a-f156b8694cba',0,0,'2024-04-30 14:28:45'),('02b4a15e-e344-4e0e-98d5-8c7b37fb28bb','Late Night Grooves',NULL,'db5b8a14-d284-4c49-beb4-c76af3a81cd0.png','1','e3d5d919-0673-4dc5-8f03-e81dce2ac0ee',1,0,'2024-04-27 15:54:33'),('03ef6e3f-5c08-4bcd-b516-580aae618854','Sau tất cả',NULL,'416cb909-6460-427b-bf1f-6ecd88768488.jpg',NULL,'3384b101-fa2a-4b98-8374-6dc53037519c',1,0,'2024-05-10 15:21:47'),('0ed159c8-94f7-450d-86be-ce48b7ec787b','Summer Sunset',NULL,'db5b8a14-d284-4c49-beb4-c76af3a81cd0.png','1','e3d5d919-0673-4dc5-8f03-e81dce2ac0ee',1,0,'2024-04-27 15:54:19'),('1b43896e-f925-4b0a-9167-536a2c0fbc7b','hehdhdhdhdh',NULL,NULL,NULL,'3fb128f9-5e82-408e-abee-b85145e6ad58',1,1,'2024-05-25 06:31:30'),('2ad82fd3-5b13-4aa2-9d2a-1ab4b243caa3','xin chao 2',NULL,NULL,NULL,'3384b101-fa2a-4b98-8374-6dc53037519c',0,1,'2024-05-12 15:29:09'),('2bd52ad4-f5d5-4a03-90cd-2bf4d0c2ccd9','xin chao',NULL,NULL,NULL,'3384b101-fa2a-4b98-8374-6dc53037519c',1,1,'2024-05-12 15:30:18'),('2df5dd1a-091b-4aab-8187-70e5d8a5066d','Thiên lý ơi 123',NULL,'90f01768-a90a-4b47-a1c7-6a8de0bc0dad.jpg',NULL,'3384b101-fa2a-4b98-8374-6dc53037519c',0,0,'2024-05-10 15:02:26'),('3f373e05-385b-4a94-bf31-679efc2128bf','hxbxbxbdvxb dbdbdbxv  dbdbdbxv',NULL,NULL,NULL,'3384b101-fa2a-4b98-8374-6dc53037519c',1,1,'2024-05-12 17:47:45'),('3fac11c2-c1e4-4da6-8fa1-0854447146b0','Chill public 123',NULL,'2d6aa76d-5473-4d03-ad50-f66093490b1e.jpg',NULL,'bd6b6989-6c7f-4ae3-ae8a-f156b8694cba',1,0,'2024-04-30 14:26:29'),('40933209-a0f7-44fc-af12-2ad49e52d0d8','Playlist này của Tấn Mãi',NULL,'5d825307-5d52-458c-a065-1c88aba58499.jpg',NULL,'3fb128f9-5e82-408e-abee-b85145e6ad58',0,0,'2024-05-24 10:56:45'),('41a3bdcd-c9e2-4f7d-8f0d-954ad7b8076e','hshsh',NULL,'be0671da-4dee-4c61-a2d9-f4fc73b84196.jpg',NULL,'bd6b6989-6c7f-4ae3-ae8a-f156b8694cba',1,0,'2024-05-14 16:31:00'),('443a0b67-1f94-413f-a7ab-6ed424783bc7','TEST PLAYLIST ',NULL,'a616cb65-9db7-417f-9138-b74c3033c8bf.jpg',NULL,'bd6b6989-6c7f-4ae3-ae8a-f156b8694cba',1,1,'2024-06-08 09:10:07'),('512b3784-16d0-42da-9106-64f88b6f422f','hsshdhd',NULL,NULL,NULL,'3384b101-fa2a-4b98-8374-6dc53037519c',1,1,'2024-05-12 15:32:05'),('596ea684-57d0-4539-94b4-98147d56755a','Tuyển tập hay nhất 2021',NULL,'db5b8a14-d284-4c49-beb4-c76af3a81cd0.png','1','e3d5d919-0673-4dc5-8f03-e81dce2ac0ee',1,0,'2024-04-27 15:51:41'),('5b3ab282-c811-4e41-8e49-3bea67c5bdd3','Xin chao',NULL,NULL,NULL,'3384b101-fa2a-4b98-8374-6dc53037519c',1,0,'2024-05-14 15:29:38'),('6674038c-8b4f-4a2e-a1da-4c38d8afcfea','Tuyển tập hay nhất 2022',NULL,'db5b8a14-d284-4c49-beb4-c76af3a81cd0.png','1','e3d5d919-0673-4dc5-8f03-e81dce2ac0ee',0,0,'2024-04-27 15:52:43'),('70383645-b568-4996-bdba-b0bbe6148bd3','Xin chào',NULL,NULL,NULL,'e3d5d919-0673-4dc5-8f03-e81dce2ac0ee',1,0,'2024-04-30 14:15:31'),('705e7117-f10e-44b5-ae7b-e66696557f83','Morning Melodies',NULL,'db5b8a14-d284-4c49-beb4-c76af3a81cd0.png','1','e3d5d919-0673-4dc5-8f03-e81dce2ac0ee',1,0,'2024-04-27 15:54:38'),('713445d9-8db5-42b7-953a-a21b045c18ad','Feel Good Beats',NULL,'db5b8a14-d284-4c49-beb4-c76af3a81cd0.png','1','e3d5d919-0673-4dc5-8f03-e81dce2ac0ee',0,0,'2024-04-27 15:54:28'),('74b8db7f-90ba-4ec1-ac07-8029bd188860','Tuyển tập hay nhất 2023',NULL,'db5b8a14-d284-4c49-beb4-c76af3a81cd0.png','1','e3d5d919-0673-4dc5-8f03-e81dce2ac0ee',1,0,'2024-04-27 15:52:46'),('7d3dd241-80c3-4b54-b2c7-d9b35fd54824','abc',NULL,NULL,NULL,'3384b101-fa2a-4b98-8374-6dc53037519c',0,1,'2024-05-12 15:20:13'),('85be6d7c-a636-44d7-b657-0a1cc39bf5e3',' dcec',NULL,NULL,NULL,'bd6b6989-6c7f-4ae3-ae8a-f156b8694cba',1,0,'2024-06-11 15:12:54'),('8914abad-e260-4640-b7d2-83e1d7643067','Playlist của Tấn Mãi',NULL,NULL,NULL,'35b2c4aa-6ffe-4bcd-990f-e56754a81573',1,0,'2024-06-01 06:18:18'),('918c9846-5ea7-4026-bd01-796881784a72','Chill Vibes',NULL,'db5b8a14-d284-4c49-beb4-c76af3a81cd0.png','1','e3d5d919-0673-4dc5-8f03-e81dce2ac0ee',1,0,'2024-04-27 15:54:15'),('980072d7-9137-496b-8c43-28839a153222','Work with me',NULL,'6116584f-586d-41d2-9270-7def0f481b77.jpg',NULL,'3384b101-fa2a-4b98-8374-6dc53037519c',0,0,'2024-05-12 17:44:55'),('982780f5-8ee6-4b4c-8a00-834a0229093a','New playlist',NULL,NULL,NULL,'3384b101-fa2a-4b98-8374-6dc53037519c',1,1,'2024-05-12 15:06:01'),('a44241a7-9812-4b1e-83d1-f71604d28cad','Throwback Jams',NULL,'db5b8a14-d284-4c49-beb4-c76af3a81cd0.png','1','e3d5d919-0673-4dc5-8f03-e81dce2ac0ee',0,0,'2024-04-27 15:54:24'),('abed92e9-385f-43c4-a75e-47437c6dc335','Xin chaooooo',NULL,NULL,NULL,'3384b101-fa2a-4b98-8374-6dc53037519c',1,1,'2024-05-12 15:31:32'),('bc07f19c-6a38-42c8-926e-1a39de2a9ac5','hihii',NULL,'2659e10f-9f09-4124-9780-1cc18fa3bf8a.jpg',NULL,'bd6b6989-6c7f-4ae3-ae8a-f156b8694cba',1,0,'2024-06-05 15:32:28'),('c2c124a7-71e1-4527-a469-bba23fe9a6f4','bừbaf fabs gsfs',NULL,NULL,NULL,'3384b101-fa2a-4b98-8374-6dc53037519c',1,1,'2024-05-12 17:45:02'),('c2e96309-8245-43b7-9fb3-ec8be0cefa8c','Tuyển tập hay nhất 2024',NULL,'db5b8a14-d284-4c49-beb4-c76af3a81cd0.png','1','e3d5d919-0673-4dc5-8f03-e81dce2ac0ee',1,0,'2024-04-27 15:52:49'),('c9b89444-2339-4d5b-ba04-4df4093d75b1','ffgg',NULL,NULL,NULL,'bd6b6989-6c7f-4ae3-ae8a-f156b8694cba',1,1,'2024-05-13 17:55:04'),('d494bff1-5d26-48a0-8fb2-18a46fead6d0','B Study Session Sounds',NULL,'db5b8a14-d284-4c49-beb4-c76af3a81cd0.png','1','e3d5d919-0673-4dc5-8f03-e81dce2ac0ee',1,0,'2024-04-27 15:54:48'),('d5dfe80b-14b5-44fc-8e68-554187a9355a','Road Trip Mix',NULL,'db5b8a14-d284-4c49-beb4-c76af3a81cd0.png','1','e3d5d919-0673-4dc5-8f03-e81dce2ac0ee',1,0,'2024-04-27 15:54:43'),('dbf74315-820b-4796-a8b4-b4efa8d649d1','xinc hào',NULL,NULL,NULL,'3384b101-fa2a-4b98-8374-6dc53037519c',1,1,'2024-05-13 14:01:37'),('e02a6568-2007-4d05-91a1-c8a8a396887e','úhdhdbdb',NULL,NULL,NULL,'3384b101-fa2a-4b98-8374-6dc53037519c',1,1,'2024-05-12 17:55:24'),('e0bcf0e1-8b3a-461c-95b4-e6e964891410','bebefbsfns',NULL,NULL,NULL,'3384b101-fa2a-4b98-8374-6dc53037519c',1,1,'2024-05-12 17:47:24'),('e1f673f9-4c61-4570-bec1-62a1c9bd7e8f','Xin chao',NULL,NULL,NULL,'3384b101-fa2a-4b98-8374-6dc53037519c',1,0,'2024-05-14 17:33:03'),('e75930c4-becd-4e1b-8094-b187164bd24c','Chill cung toi ',NULL,NULL,NULL,'bd6b6989-6c7f-4ae3-ae8a-f156b8694cba',0,0,'2024-04-30 14:23:23'),('ecda5cb6-f2fa-4e54-99f7-265af186c423','cfff',NULL,NULL,NULL,'3fb128f9-5e82-408e-abee-b85145e6ad58',1,0,'2024-05-26 15:16:53'),('f682a687-5f68-48dc-9c6a-adcfd7fbba4d','Cin  chao',NULL,NULL,NULL,'3384b101-fa2a-4b98-8374-6dc53037519c',1,1,'2024-05-13 13:56:02'),('f6997494-e399-451b-9fea-bc37c46e8a24','Xin chao',NULL,NULL,NULL,'3384b101-fa2a-4b98-8374-6dc53037519c',1,1,'2024-05-12 15:13:12'),('ff154c91-0b59-4645-a6ef-e684fa96c9c7','Party Anthems',NULL,'db5b8a14-d284-4c49-beb4-c76af3a81cd0.png','1','e3d5d919-0673-4dc5-8f03-e81dce2ac0ee',1,0,'2024-04-27 15:54:53');
/*!40000 ALTER TABLE `playlists` ENABLE KEYS */;
UNLOCK TABLES;

--
-- Temporary view structure for view `song_listens_count`
--

DROP TABLE IF EXISTS `song_listens_count`;
/*!50001 DROP VIEW IF EXISTS `song_listens_count`*/;
SET @saved_cs_client     = @@character_set_client;
/*!50503 SET character_set_client = utf8mb4 */;
/*!50001 CREATE VIEW `song_listens_count` AS SELECT 
 1 AS `song_id`,
 1 AS `count`*/;
SET character_set_client = @saved_cs_client;

--
-- Table structure for table `song_plays`
--

DROP TABLE IF EXISTS `song_plays`;
/*!40101 SET @saved_cs_client     = @@character_set_client */;
/*!50503 SET character_set_client = utf8mb4 */;
CREATE TABLE `song_plays` (
  `user_id` char(36) NOT NULL,
  `song_id` char(36) NOT NULL,
  `created_at` timestamp NOT NULL DEFAULT CURRENT_TIMESTAMP,
  PRIMARY KEY (`user_id`,`song_id`,`created_at`),
  KEY `song_plays_fk2_idx` (`song_id`),
  CONSTRAINT `song_plays_fk1` FOREIGN KEY (`user_id`) REFERENCES `users` (`id`) ON DELETE CASCADE ON UPDATE CASCADE,
  CONSTRAINT `song_plays_fk2` FOREIGN KEY (`song_id`) REFERENCES `songs` (`id`) ON DELETE CASCADE ON UPDATE CASCADE
) ENGINE=InnoDB DEFAULT CHARSET=utf8mb4 COLLATE=utf8mb4_0900_ai_ci;
/*!40101 SET character_set_client = @saved_cs_client */;

--
-- Dumping data for table `song_plays`
--

LOCK TABLES `song_plays` WRITE;
/*!40000 ALTER TABLE `song_plays` DISABLE KEYS */;
INSERT INTO `song_plays` VALUES ('bd6b6989-6c7f-4ae3-ae8a-f156b8694cba','2a801568-725c-4ceb-855f-6d35de19aa15','2024-06-05 14:30:29'),('bd6b6989-6c7f-4ae3-ae8a-f156b8694cba','2a801568-725c-4ceb-855f-6d35de19aa15','2024-06-05 14:39:57'),('bd6b6989-6c7f-4ae3-ae8a-f156b8694cba','2a801568-725c-4ceb-855f-6d35de19aa15','2024-06-05 14:51:33'),('bd6b6989-6c7f-4ae3-ae8a-f156b8694cba','2a801568-725c-4ceb-855f-6d35de19aa15','2024-06-05 14:58:45'),('bd6b6989-6c7f-4ae3-ae8a-f156b8694cba','2a801568-725c-4ceb-855f-6d35de19aa15','2024-06-05 15:39:58'),('bd6b6989-6c7f-4ae3-ae8a-f156b8694cba','2a801568-725c-4ceb-855f-6d35de19aa15','2024-06-05 15:40:03'),('bd6b6989-6c7f-4ae3-ae8a-f156b8694cba','2a801568-725c-4ceb-855f-6d35de19aa15','2024-06-06 04:48:02'),('bd6b6989-6c7f-4ae3-ae8a-f156b8694cba','2a801568-725c-4ceb-855f-6d35de19aa15','2024-06-06 07:41:41'),('bd6b6989-6c7f-4ae3-ae8a-f156b8694cba','2a801568-725c-4ceb-855f-6d35de19aa15','2024-06-06 07:53:46'),('bd6b6989-6c7f-4ae3-ae8a-f156b8694cba','2a801568-725c-4ceb-855f-6d35de19aa15','2024-06-06 11:08:53'),('bd6b6989-6c7f-4ae3-ae8a-f156b8694cba','2a801568-725c-4ceb-855f-6d35de19aa15','2024-06-06 11:22:10'),('bd6b6989-6c7f-4ae3-ae8a-f156b8694cba','2a801568-725c-4ceb-855f-6d35de19aa15','2024-06-06 11:22:24'),('bd6b6989-6c7f-4ae3-ae8a-f156b8694cba','2a801568-725c-4ceb-855f-6d35de19aa15','2024-06-06 12:41:58'),('bd6b6989-6c7f-4ae3-ae8a-f156b8694cba','2a801568-725c-4ceb-855f-6d35de19aa15','2024-06-06 12:47:01'),('bd6b6989-6c7f-4ae3-ae8a-f156b8694cba','2a801568-725c-4ceb-855f-6d35de19aa15','2024-06-07 07:32:08'),('bd6b6989-6c7f-4ae3-ae8a-f156b8694cba','2a801568-725c-4ceb-855f-6d35de19aa15','2024-06-07 07:44:02'),('bd6b6989-6c7f-4ae3-ae8a-f156b8694cba','2a801568-725c-4ceb-855f-6d35de19aa15','2024-06-07 16:56:03'),('bd6b6989-6c7f-4ae3-ae8a-f156b8694cba','2a801568-725c-4ceb-855f-6d35de19aa15','2024-06-07 16:56:13'),('bd6b6989-6c7f-4ae3-ae8a-f156b8694cba','2a801568-725c-4ceb-855f-6d35de19aa15','2024-06-07 16:57:07'),('bd6b6989-6c7f-4ae3-ae8a-f156b8694cba','2a801568-725c-4ceb-855f-6d35de19aa15','2024-06-07 17:09:02'),('bd6b6989-6c7f-4ae3-ae8a-f156b8694cba','2a801568-725c-4ceb-855f-6d35de19aa15','2024-06-08 09:42:30'),('bd6b6989-6c7f-4ae3-ae8a-f156b8694cba','2a801568-725c-4ceb-855f-6d35de19aa15','2024-06-10 10:03:40'),('e3d5d919-0673-4dc5-8f03-e81dce2ac0ee','2a801568-725c-4ceb-855f-6d35de19aa15','2024-06-04 18:52:36'),('e3d5d919-0673-4dc5-8f03-e81dce2ac0ee','2a801568-725c-4ceb-855f-6d35de19aa15','2024-06-04 18:55:30'),('e3d5d919-0673-4dc5-8f03-e81dce2ac0ee','2a801568-725c-4ceb-855f-6d35de19aa15','2024-06-04 18:55:40'),('e3d5d919-0673-4dc5-8f03-e81dce2ac0ee','2a801568-725c-4ceb-855f-6d35de19aa15','2024-06-04 18:55:52'),('e3d5d919-0673-4dc5-8f03-e81dce2ac0ee','2a801568-725c-4ceb-855f-6d35de19aa15','2024-06-04 18:59:20'),('e3d5d919-0673-4dc5-8f03-e81dce2ac0ee','2a801568-725c-4ceb-855f-6d35de19aa15','2024-06-04 19:05:01'),('e3d5d919-0673-4dc5-8f03-e81dce2ac0ee','2a801568-725c-4ceb-855f-6d35de19aa15','2024-06-04 19:05:13'),('e3d5d919-0673-4dc5-8f03-e81dce2ac0ee','2a801568-725c-4ceb-855f-6d35de19aa15','2024-06-04 19:05:19'),('e3d5d919-0673-4dc5-8f03-e81dce2ac0ee','2a801568-725c-4ceb-855f-6d35de19aa15','2024-06-04 19:05:36'),('e3d5d919-0673-4dc5-8f03-e81dce2ac0ee','2a801568-725c-4ceb-855f-6d35de19aa15','2024-06-04 19:09:51'),('e3d5d919-0673-4dc5-8f03-e81dce2ac0ee','2a801568-725c-4ceb-855f-6d35de19aa15','2024-06-04 19:11:18'),('e3d5d919-0673-4dc5-8f03-e81dce2ac0ee','2a801568-725c-4ceb-855f-6d35de19aa15','2024-06-04 19:15:02'),('e3d5d919-0673-4dc5-8f03-e81dce2ac0ee','2a801568-725c-4ceb-855f-6d35de19aa15','2024-06-04 19:15:09'),('e3d5d919-0673-4dc5-8f03-e81dce2ac0ee','2a801568-725c-4ceb-855f-6d35de19aa15','2024-06-04 19:28:14'),('e3d5d919-0673-4dc5-8f03-e81dce2ac0ee','2a801568-725c-4ceb-855f-6d35de19aa15','2024-06-04 19:28:30'),('e3d5d919-0673-4dc5-8f03-e81dce2ac0ee','2a801568-725c-4ceb-855f-6d35de19aa15','2024-06-04 19:28:52'),('e3d5d919-0673-4dc5-8f03-e81dce2ac0ee','2a801568-725c-4ceb-855f-6d35de19aa15','2024-06-05 07:37:59'),('e3d5d919-0673-4dc5-8f03-e81dce2ac0ee','2a801568-725c-4ceb-855f-6d35de19aa15','2024-06-05 09:21:52'),('e3d5d919-0673-4dc5-8f03-e81dce2ac0ee','2a801568-725c-4ceb-855f-6d35de19aa15','2024-06-05 09:22:14'),('e3d5d919-0673-4dc5-8f03-e81dce2ac0ee','2a801568-725c-4ceb-855f-6d35de19aa15','2024-06-05 09:46:34'),('e3d5d919-0673-4dc5-8f03-e81dce2ac0ee','2a801568-725c-4ceb-855f-6d35de19aa15','2024-06-05 09:48:57'),('e3d5d919-0673-4dc5-8f03-e81dce2ac0ee','2a801568-725c-4ceb-855f-6d35de19aa15','2024-06-05 09:53:05'),('e3d5d919-0673-4dc5-8f03-e81dce2ac0ee','2a801568-725c-4ceb-855f-6d35de19aa15','2024-06-05 10:19:50'),('e3d5d919-0673-4dc5-8f03-e81dce2ac0ee','2a801568-725c-4ceb-855f-6d35de19aa15','2024-06-05 10:26:49'),('e3d5d919-0673-4dc5-8f03-e81dce2ac0ee','2a801568-725c-4ceb-855f-6d35de19aa15','2024-06-05 10:34:30'),('e3d5d919-0673-4dc5-8f03-e81dce2ac0ee','2a801568-725c-4ceb-855f-6d35de19aa15','2024-06-05 13:52:19'),('e3d5d919-0673-4dc5-8f03-e81dce2ac0ee','2a801568-725c-4ceb-855f-6d35de19aa15','2024-06-05 13:58:49'),('e3d5d919-0673-4dc5-8f03-e81dce2ac0ee','2a801568-725c-4ceb-855f-6d35de19aa15','2024-06-05 13:59:20'),('e3d5d919-0673-4dc5-8f03-e81dce2ac0ee','2a801568-725c-4ceb-855f-6d35de19aa15','2024-06-05 14:05:40'),('e3d5d919-0673-4dc5-8f03-e81dce2ac0ee','2a801568-725c-4ceb-855f-6d35de19aa15','2024-06-05 14:10:44'),('e3d5d919-0673-4dc5-8f03-e81dce2ac0ee','2a801568-725c-4ceb-855f-6d35de19aa15','2024-06-05 14:13:33'),('e3d5d919-0673-4dc5-8f03-e81dce2ac0ee','2a801568-725c-4ceb-855f-6d35de19aa15','2024-06-05 14:16:44'),('e3d5d919-0673-4dc5-8f03-e81dce2ac0ee','2a801568-725c-4ceb-855f-6d35de19aa15','2024-06-05 14:18:20'),('e3d5d919-0673-4dc5-8f03-e81dce2ac0ee','2a801568-725c-4ceb-855f-6d35de19aa15','2024-06-05 14:19:48'),('e3d5d919-0673-4dc5-8f03-e81dce2ac0ee','2a801568-725c-4ceb-855f-6d35de19aa15','2024-06-05 14:21:27'),('bd6b6989-6c7f-4ae3-ae8a-f156b8694cba','51c1a7f6-f243-4c4e-aca7-06dfae56a517','2024-06-05 14:40:21'),('bd6b6989-6c7f-4ae3-ae8a-f156b8694cba','51c1a7f6-f243-4c4e-aca7-06dfae56a517','2024-06-05 14:54:33'),('bd6b6989-6c7f-4ae3-ae8a-f156b8694cba','51c1a7f6-f243-4c4e-aca7-06dfae56a517','2024-06-05 15:04:56'),('bd6b6989-6c7f-4ae3-ae8a-f156b8694cba','51c1a7f6-f243-4c4e-aca7-06dfae56a517','2024-06-05 15:39:49'),('bd6b6989-6c7f-4ae3-ae8a-f156b8694cba','51c1a7f6-f243-4c4e-aca7-06dfae56a517','2024-06-05 15:39:59'),('bd6b6989-6c7f-4ae3-ae8a-f156b8694cba','51c1a7f6-f243-4c4e-aca7-06dfae56a517','2024-06-05 15:43:38'),('bd6b6989-6c7f-4ae3-ae8a-f156b8694cba','51c1a7f6-f243-4c4e-aca7-06dfae56a517','2024-06-06 04:48:15'),('bd6b6989-6c7f-4ae3-ae8a-f156b8694cba','51c1a7f6-f243-4c4e-aca7-06dfae56a517','2024-06-06 07:48:28'),('bd6b6989-6c7f-4ae3-ae8a-f156b8694cba','51c1a7f6-f243-4c4e-aca7-06dfae56a517','2024-06-06 07:54:34'),('bd6b6989-6c7f-4ae3-ae8a-f156b8694cba','51c1a7f6-f243-4c4e-aca7-06dfae56a517','2024-06-06 09:50:36'),('bd6b6989-6c7f-4ae3-ae8a-f156b8694cba','51c1a7f6-f243-4c4e-aca7-06dfae56a517','2024-06-06 11:22:22'),('bd6b6989-6c7f-4ae3-ae8a-f156b8694cba','51c1a7f6-f243-4c4e-aca7-06dfae56a517','2024-06-06 11:23:22'),('bd6b6989-6c7f-4ae3-ae8a-f156b8694cba','51c1a7f6-f243-4c4e-aca7-06dfae56a517','2024-06-06 11:26:08'),('bd6b6989-6c7f-4ae3-ae8a-f156b8694cba','51c1a7f6-f243-4c4e-aca7-06dfae56a517','2024-06-06 16:39:03'),('bd6b6989-6c7f-4ae3-ae8a-f156b8694cba','51c1a7f6-f243-4c4e-aca7-06dfae56a517','2024-06-06 19:09:53'),('bd6b6989-6c7f-4ae3-ae8a-f156b8694cba','51c1a7f6-f243-4c4e-aca7-06dfae56a517','2024-06-07 07:45:47'),('bd6b6989-6c7f-4ae3-ae8a-f156b8694cba','51c1a7f6-f243-4c4e-aca7-06dfae56a517','2024-06-07 07:53:22'),('bd6b6989-6c7f-4ae3-ae8a-f156b8694cba','51c1a7f6-f243-4c4e-aca7-06dfae56a517','2024-06-07 08:07:12'),('bd6b6989-6c7f-4ae3-ae8a-f156b8694cba','51c1a7f6-f243-4c4e-aca7-06dfae56a517','2024-06-07 09:03:29'),('bd6b6989-6c7f-4ae3-ae8a-f156b8694cba','51c1a7f6-f243-4c4e-aca7-06dfae56a517','2024-06-07 09:07:56'),('bd6b6989-6c7f-4ae3-ae8a-f156b8694cba','51c1a7f6-f243-4c4e-aca7-06dfae56a517','2024-06-07 09:08:10'),('bd6b6989-6c7f-4ae3-ae8a-f156b8694cba','51c1a7f6-f243-4c4e-aca7-06dfae56a517','2024-06-07 09:08:23'),('bd6b6989-6c7f-4ae3-ae8a-f156b8694cba','51c1a7f6-f243-4c4e-aca7-06dfae56a517','2024-06-07 09:09:01'),('bd6b6989-6c7f-4ae3-ae8a-f156b8694cba','51c1a7f6-f243-4c4e-aca7-06dfae56a517','2024-06-07 16:57:23'),('bd6b6989-6c7f-4ae3-ae8a-f156b8694cba','51c1a7f6-f243-4c4e-aca7-06dfae56a517','2024-06-07 17:07:21'),('bd6b6989-6c7f-4ae3-ae8a-f156b8694cba','51c1a7f6-f243-4c4e-aca7-06dfae56a517','2024-06-10 18:34:20'),('bd6b6989-6c7f-4ae3-ae8a-f156b8694cba','51c1a7f6-f243-4c4e-aca7-06dfae56a517','2024-06-10 18:34:54'),('bd6b6989-6c7f-4ae3-ae8a-f156b8694cba','51c1a7f6-f243-4c4e-aca7-06dfae56a517','2024-06-10 19:31:44'),('bd6b6989-6c7f-4ae3-ae8a-f156b8694cba','51c1a7f6-f243-4c4e-aca7-06dfae56a517','2024-06-10 19:43:31'),('bd6b6989-6c7f-4ae3-ae8a-f156b8694cba','51c1a7f6-f243-4c4e-aca7-06dfae56a517','2024-06-10 19:48:52'),('e3d5d919-0673-4dc5-8f03-e81dce2ac0ee','51c1a7f6-f243-4c4e-aca7-06dfae56a517','2024-06-04 18:34:46'),('e3d5d919-0673-4dc5-8f03-e81dce2ac0ee','51c1a7f6-f243-4c4e-aca7-06dfae56a517','2024-06-04 18:35:03'),('e3d5d919-0673-4dc5-8f03-e81dce2ac0ee','51c1a7f6-f243-4c4e-aca7-06dfae56a517','2024-06-04 18:42:16'),('e3d5d919-0673-4dc5-8f03-e81dce2ac0ee','51c1a7f6-f243-4c4e-aca7-06dfae56a517','2024-06-04 18:42:29'),('e3d5d919-0673-4dc5-8f03-e81dce2ac0ee','51c1a7f6-f243-4c4e-aca7-06dfae56a517','2024-06-04 18:42:49'),('e3d5d919-0673-4dc5-8f03-e81dce2ac0ee','51c1a7f6-f243-4c4e-aca7-06dfae56a517','2024-06-04 18:46:46'),('e3d5d919-0673-4dc5-8f03-e81dce2ac0ee','51c1a7f6-f243-4c4e-aca7-06dfae56a517','2024-06-04 18:47:01'),('e3d5d919-0673-4dc5-8f03-e81dce2ac0ee','51c1a7f6-f243-4c4e-aca7-06dfae56a517','2024-06-04 18:52:04'),('e3d5d919-0673-4dc5-8f03-e81dce2ac0ee','51c1a7f6-f243-4c4e-aca7-06dfae56a517','2024-06-04 18:52:14'),('e3d5d919-0673-4dc5-8f03-e81dce2ac0ee','51c1a7f6-f243-4c4e-aca7-06dfae56a517','2024-06-04 18:55:34'),('e3d5d919-0673-4dc5-8f03-e81dce2ac0ee','51c1a7f6-f243-4c4e-aca7-06dfae56a517','2024-06-04 18:55:46'),('e3d5d919-0673-4dc5-8f03-e81dce2ac0ee','51c1a7f6-f243-4c4e-aca7-06dfae56a517','2024-06-04 18:57:36'),('e3d5d919-0673-4dc5-8f03-e81dce2ac0ee','51c1a7f6-f243-4c4e-aca7-06dfae56a517','2024-06-04 18:57:43'),('e3d5d919-0673-4dc5-8f03-e81dce2ac0ee','51c1a7f6-f243-4c4e-aca7-06dfae56a517','2024-06-04 18:57:49'),('e3d5d919-0673-4dc5-8f03-e81dce2ac0ee','51c1a7f6-f243-4c4e-aca7-06dfae56a517','2024-06-04 18:58:11'),('e3d5d919-0673-4dc5-8f03-e81dce2ac0ee','51c1a7f6-f243-4c4e-aca7-06dfae56a517','2024-06-04 18:58:20'),('e3d5d919-0673-4dc5-8f03-e81dce2ac0ee','51c1a7f6-f243-4c4e-aca7-06dfae56a517','2024-06-04 18:59:36'),('e3d5d919-0673-4dc5-8f03-e81dce2ac0ee','51c1a7f6-f243-4c4e-aca7-06dfae56a517','2024-06-04 19:04:51'),('e3d5d919-0673-4dc5-8f03-e81dce2ac0ee','51c1a7f6-f243-4c4e-aca7-06dfae56a517','2024-06-04 19:05:25'),('e3d5d919-0673-4dc5-8f03-e81dce2ac0ee','51c1a7f6-f243-4c4e-aca7-06dfae56a517','2024-06-04 19:05:26'),('e3d5d919-0673-4dc5-8f03-e81dce2ac0ee','51c1a7f6-f243-4c4e-aca7-06dfae56a517','2024-06-04 19:05:30'),('e3d5d919-0673-4dc5-8f03-e81dce2ac0ee','51c1a7f6-f243-4c4e-aca7-06dfae56a517','2024-06-04 19:08:57'),('e3d5d919-0673-4dc5-8f03-e81dce2ac0ee','51c1a7f6-f243-4c4e-aca7-06dfae56a517','2024-06-04 19:09:03'),('e3d5d919-0673-4dc5-8f03-e81dce2ac0ee','51c1a7f6-f243-4c4e-aca7-06dfae56a517','2024-06-04 19:10:59'),('e3d5d919-0673-4dc5-8f03-e81dce2ac0ee','51c1a7f6-f243-4c4e-aca7-06dfae56a517','2024-06-04 19:11:26'),('e3d5d919-0673-4dc5-8f03-e81dce2ac0ee','51c1a7f6-f243-4c4e-aca7-06dfae56a517','2024-06-04 19:14:39'),('e3d5d919-0673-4dc5-8f03-e81dce2ac0ee','51c1a7f6-f243-4c4e-aca7-06dfae56a517','2024-06-04 19:15:04'),('e3d5d919-0673-4dc5-8f03-e81dce2ac0ee','51c1a7f6-f243-4c4e-aca7-06dfae56a517','2024-06-04 19:27:54'),('e3d5d919-0673-4dc5-8f03-e81dce2ac0ee','51c1a7f6-f243-4c4e-aca7-06dfae56a517','2024-06-04 19:28:09'),('e3d5d919-0673-4dc5-8f03-e81dce2ac0ee','51c1a7f6-f243-4c4e-aca7-06dfae56a517','2024-06-04 19:28:45'),('e3d5d919-0673-4dc5-8f03-e81dce2ac0ee','51c1a7f6-f243-4c4e-aca7-06dfae56a517','2024-06-05 07:32:06'),('e3d5d919-0673-4dc5-8f03-e81dce2ac0ee','51c1a7f6-f243-4c4e-aca7-06dfae56a517','2024-06-05 07:37:55'),('e3d5d919-0673-4dc5-8f03-e81dce2ac0ee','51c1a7f6-f243-4c4e-aca7-06dfae56a517','2024-06-05 07:38:09'),('e3d5d919-0673-4dc5-8f03-e81dce2ac0ee','51c1a7f6-f243-4c4e-aca7-06dfae56a517','2024-06-05 07:38:24'),('e3d5d919-0673-4dc5-8f03-e81dce2ac0ee','51c1a7f6-f243-4c4e-aca7-06dfae56a517','2024-06-05 07:43:01'),('e3d5d919-0673-4dc5-8f03-e81dce2ac0ee','51c1a7f6-f243-4c4e-aca7-06dfae56a517','2024-06-05 07:43:18'),('e3d5d919-0673-4dc5-8f03-e81dce2ac0ee','51c1a7f6-f243-4c4e-aca7-06dfae56a517','2024-06-05 07:43:36'),('e3d5d919-0673-4dc5-8f03-e81dce2ac0ee','51c1a7f6-f243-4c4e-aca7-06dfae56a517','2024-06-05 07:43:47'),('e3d5d919-0673-4dc5-8f03-e81dce2ac0ee','51c1a7f6-f243-4c4e-aca7-06dfae56a517','2024-06-05 07:47:11'),('e3d5d919-0673-4dc5-8f03-e81dce2ac0ee','51c1a7f6-f243-4c4e-aca7-06dfae56a517','2024-06-05 07:48:37'),('e3d5d919-0673-4dc5-8f03-e81dce2ac0ee','51c1a7f6-f243-4c4e-aca7-06dfae56a517','2024-06-05 07:48:45'),('e3d5d919-0673-4dc5-8f03-e81dce2ac0ee','51c1a7f6-f243-4c4e-aca7-06dfae56a517','2024-06-05 09:13:10'),('e3d5d919-0673-4dc5-8f03-e81dce2ac0ee','51c1a7f6-f243-4c4e-aca7-06dfae56a517','2024-06-05 09:16:12'),('e3d5d919-0673-4dc5-8f03-e81dce2ac0ee','51c1a7f6-f243-4c4e-aca7-06dfae56a517','2024-06-05 09:17:43'),('e3d5d919-0673-4dc5-8f03-e81dce2ac0ee','51c1a7f6-f243-4c4e-aca7-06dfae56a517','2024-06-05 09:18:32'),('e3d5d919-0673-4dc5-8f03-e81dce2ac0ee','51c1a7f6-f243-4c4e-aca7-06dfae56a517','2024-06-05 09:19:40'),('e3d5d919-0673-4dc5-8f03-e81dce2ac0ee','51c1a7f6-f243-4c4e-aca7-06dfae56a517','2024-06-05 09:21:26'),('e3d5d919-0673-4dc5-8f03-e81dce2ac0ee','51c1a7f6-f243-4c4e-aca7-06dfae56a517','2024-06-05 09:22:45'),('e3d5d919-0673-4dc5-8f03-e81dce2ac0ee','51c1a7f6-f243-4c4e-aca7-06dfae56a517','2024-06-05 10:23:33'),('e3d5d919-0673-4dc5-8f03-e81dce2ac0ee','51c1a7f6-f243-4c4e-aca7-06dfae56a517','2024-06-05 10:24:14'),('e3d5d919-0673-4dc5-8f03-e81dce2ac0ee','51c1a7f6-f243-4c4e-aca7-06dfae56a517','2024-06-05 10:26:04'),('e3d5d919-0673-4dc5-8f03-e81dce2ac0ee','51c1a7f6-f243-4c4e-aca7-06dfae56a517','2024-06-05 10:26:56'),('e3d5d919-0673-4dc5-8f03-e81dce2ac0ee','51c1a7f6-f243-4c4e-aca7-06dfae56a517','2024-06-05 10:31:01'),('e3d5d919-0673-4dc5-8f03-e81dce2ac0ee','51c1a7f6-f243-4c4e-aca7-06dfae56a517','2024-06-05 10:35:52'),('e3d5d919-0673-4dc5-8f03-e81dce2ac0ee','51c1a7f6-f243-4c4e-aca7-06dfae56a517','2024-06-05 12:08:40'),('e3d5d919-0673-4dc5-8f03-e81dce2ac0ee','51c1a7f6-f243-4c4e-aca7-06dfae56a517','2024-06-05 13:52:14'),('e3d5d919-0673-4dc5-8f03-e81dce2ac0ee','51c1a7f6-f243-4c4e-aca7-06dfae56a517','2024-06-05 14:17:47'),('bd6b6989-6c7f-4ae3-ae8a-f156b8694cba','5463eeb8-4288-4412-a527-89b1f073a0cf','2024-06-06 07:41:34'),('bd6b6989-6c7f-4ae3-ae8a-f156b8694cba','5463eeb8-4288-4412-a527-89b1f073a0cf','2024-06-07 16:56:08'),('e3d5d919-0673-4dc5-8f03-e81dce2ac0ee','5463eeb8-4288-4412-a527-89b1f073a0cf','2024-06-04 18:35:19'),('e3d5d919-0673-4dc5-8f03-e81dce2ac0ee','5463eeb8-4288-4412-a527-89b1f073a0cf','2024-06-04 18:35:35'),('e3d5d919-0673-4dc5-8f03-e81dce2ac0ee','5463eeb8-4288-4412-a527-89b1f073a0cf','2024-06-04 18:36:30'),('e3d5d919-0673-4dc5-8f03-e81dce2ac0ee','5463eeb8-4288-4412-a527-89b1f073a0cf','2024-06-04 18:42:40'),('e3d5d919-0673-4dc5-8f03-e81dce2ac0ee','5463eeb8-4288-4412-a527-89b1f073a0cf','2024-06-04 18:47:05'),('e3d5d919-0673-4dc5-8f03-e81dce2ac0ee','5463eeb8-4288-4412-a527-89b1f073a0cf','2024-06-04 18:52:13'),('e3d5d919-0673-4dc5-8f03-e81dce2ac0ee','5463eeb8-4288-4412-a527-89b1f073a0cf','2024-06-04 18:55:17'),('e3d5d919-0673-4dc5-8f03-e81dce2ac0ee','5463eeb8-4288-4412-a527-89b1f073a0cf','2024-06-04 18:55:23'),('e3d5d919-0673-4dc5-8f03-e81dce2ac0ee','5463eeb8-4288-4412-a527-89b1f073a0cf','2024-06-04 18:55:33'),('e3d5d919-0673-4dc5-8f03-e81dce2ac0ee','5463eeb8-4288-4412-a527-89b1f073a0cf','2024-06-04 18:55:35'),('e3d5d919-0673-4dc5-8f03-e81dce2ac0ee','5463eeb8-4288-4412-a527-89b1f073a0cf','2024-06-04 18:55:44'),('e3d5d919-0673-4dc5-8f03-e81dce2ac0ee','5463eeb8-4288-4412-a527-89b1f073a0cf','2024-06-04 18:55:47'),('e3d5d919-0673-4dc5-8f03-e81dce2ac0ee','5463eeb8-4288-4412-a527-89b1f073a0cf','2024-06-04 18:58:09'),('e3d5d919-0673-4dc5-8f03-e81dce2ac0ee','5463eeb8-4288-4412-a527-89b1f073a0cf','2024-06-04 18:58:12'),('e3d5d919-0673-4dc5-8f03-e81dce2ac0ee','5463eeb8-4288-4412-a527-89b1f073a0cf','2024-06-04 18:58:20'),('e3d5d919-0673-4dc5-8f03-e81dce2ac0ee','5463eeb8-4288-4412-a527-89b1f073a0cf','2024-06-04 19:01:43'),('e3d5d919-0673-4dc5-8f03-e81dce2ac0ee','5463eeb8-4288-4412-a527-89b1f073a0cf','2024-06-04 19:02:01'),('e3d5d919-0673-4dc5-8f03-e81dce2ac0ee','5463eeb8-4288-4412-a527-89b1f073a0cf','2024-06-04 19:02:16'),('e3d5d919-0673-4dc5-8f03-e81dce2ac0ee','5463eeb8-4288-4412-a527-89b1f073a0cf','2024-06-04 19:04:58'),('e3d5d919-0673-4dc5-8f03-e81dce2ac0ee','5463eeb8-4288-4412-a527-89b1f073a0cf','2024-06-04 19:05:03'),('e3d5d919-0673-4dc5-8f03-e81dce2ac0ee','5463eeb8-4288-4412-a527-89b1f073a0cf','2024-06-04 19:05:24'),('e3d5d919-0673-4dc5-8f03-e81dce2ac0ee','5463eeb8-4288-4412-a527-89b1f073a0cf','2024-06-04 19:05:28'),('e3d5d919-0673-4dc5-8f03-e81dce2ac0ee','5463eeb8-4288-4412-a527-89b1f073a0cf','2024-06-04 19:05:44'),('e3d5d919-0673-4dc5-8f03-e81dce2ac0ee','5463eeb8-4288-4412-a527-89b1f073a0cf','2024-06-04 19:09:05'),('e3d5d919-0673-4dc5-8f03-e81dce2ac0ee','5463eeb8-4288-4412-a527-89b1f073a0cf','2024-06-04 19:09:41'),('e3d5d919-0673-4dc5-8f03-e81dce2ac0ee','5463eeb8-4288-4412-a527-89b1f073a0cf','2024-06-04 19:11:02'),('e3d5d919-0673-4dc5-8f03-e81dce2ac0ee','5463eeb8-4288-4412-a527-89b1f073a0cf','2024-06-04 19:11:30'),('e3d5d919-0673-4dc5-8f03-e81dce2ac0ee','5463eeb8-4288-4412-a527-89b1f073a0cf','2024-06-04 19:14:42'),('e3d5d919-0673-4dc5-8f03-e81dce2ac0ee','5463eeb8-4288-4412-a527-89b1f073a0cf','2024-06-04 19:27:55'),('e3d5d919-0673-4dc5-8f03-e81dce2ac0ee','5463eeb8-4288-4412-a527-89b1f073a0cf','2024-06-04 19:28:46'),('e3d5d919-0673-4dc5-8f03-e81dce2ac0ee','5463eeb8-4288-4412-a527-89b1f073a0cf','2024-06-04 19:28:56'),('e3d5d919-0673-4dc5-8f03-e81dce2ac0ee','5463eeb8-4288-4412-a527-89b1f073a0cf','2024-06-05 07:34:14'),('e3d5d919-0673-4dc5-8f03-e81dce2ac0ee','5463eeb8-4288-4412-a527-89b1f073a0cf','2024-06-05 07:35:51'),('e3d5d919-0673-4dc5-8f03-e81dce2ac0ee','5463eeb8-4288-4412-a527-89b1f073a0cf','2024-06-05 07:37:22'),('e3d5d919-0673-4dc5-8f03-e81dce2ac0ee','5463eeb8-4288-4412-a527-89b1f073a0cf','2024-06-05 07:38:26'),('e3d5d919-0673-4dc5-8f03-e81dce2ac0ee','5463eeb8-4288-4412-a527-89b1f073a0cf','2024-06-05 07:48:03'),('e3d5d919-0673-4dc5-8f03-e81dce2ac0ee','5463eeb8-4288-4412-a527-89b1f073a0cf','2024-06-05 09:13:15'),('e3d5d919-0673-4dc5-8f03-e81dce2ac0ee','5463eeb8-4288-4412-a527-89b1f073a0cf','2024-06-05 09:21:32'),('e3d5d919-0673-4dc5-8f03-e81dce2ac0ee','5463eeb8-4288-4412-a527-89b1f073a0cf','2024-06-05 09:23:02'),('e3d5d919-0673-4dc5-8f03-e81dce2ac0ee','5463eeb8-4288-4412-a527-89b1f073a0cf','2024-06-05 10:24:09'),('e3d5d919-0673-4dc5-8f03-e81dce2ac0ee','5463eeb8-4288-4412-a527-89b1f073a0cf','2024-06-05 11:58:03'),('e3d5d919-0673-4dc5-8f03-e81dce2ac0ee','5463eeb8-4288-4412-a527-89b1f073a0cf','2024-06-05 13:20:19'),('e3d5d919-0673-4dc5-8f03-e81dce2ac0ee','5463eeb8-4288-4412-a527-89b1f073a0cf','2024-06-05 14:17:00'),('bd6b6989-6c7f-4ae3-ae8a-f156b8694cba','5898a40d-d33e-411f-b022-5ba51be8cee3','2024-06-05 14:30:39'),('bd6b6989-6c7f-4ae3-ae8a-f156b8694cba','5898a40d-d33e-411f-b022-5ba51be8cee3','2024-06-05 14:37:17'),('bd6b6989-6c7f-4ae3-ae8a-f156b8694cba','5898a40d-d33e-411f-b022-5ba51be8cee3','2024-06-05 14:41:15'),('bd6b6989-6c7f-4ae3-ae8a-f156b8694cba','5898a40d-d33e-411f-b022-5ba51be8cee3','2024-06-05 14:54:18'),('bd6b6989-6c7f-4ae3-ae8a-f156b8694cba','5898a40d-d33e-411f-b022-5ba51be8cee3','2024-06-05 14:54:29'),('bd6b6989-6c7f-4ae3-ae8a-f156b8694cba','5898a40d-d33e-411f-b022-5ba51be8cee3','2024-06-05 15:40:01'),('bd6b6989-6c7f-4ae3-ae8a-f156b8694cba','5898a40d-d33e-411f-b022-5ba51be8cee3','2024-06-06 08:12:55'),('bd6b6989-6c7f-4ae3-ae8a-f156b8694cba','5898a40d-d33e-411f-b022-5ba51be8cee3','2024-06-06 08:28:33'),('bd6b6989-6c7f-4ae3-ae8a-f156b8694cba','5898a40d-d33e-411f-b022-5ba51be8cee3','2024-06-06 08:53:10'),('bd6b6989-6c7f-4ae3-ae8a-f156b8694cba','5898a40d-d33e-411f-b022-5ba51be8cee3','2024-06-06 08:55:28'),('bd6b6989-6c7f-4ae3-ae8a-f156b8694cba','5898a40d-d33e-411f-b022-5ba51be8cee3','2024-06-06 09:03:26'),('bd6b6989-6c7f-4ae3-ae8a-f156b8694cba','5898a40d-d33e-411f-b022-5ba51be8cee3','2024-06-06 09:04:41'),('bd6b6989-6c7f-4ae3-ae8a-f156b8694cba','5898a40d-d33e-411f-b022-5ba51be8cee3','2024-06-06 09:06:07'),('bd6b6989-6c7f-4ae3-ae8a-f156b8694cba','5898a40d-d33e-411f-b022-5ba51be8cee3','2024-06-06 09:06:54'),('bd6b6989-6c7f-4ae3-ae8a-f156b8694cba','5898a40d-d33e-411f-b022-5ba51be8cee3','2024-06-06 09:19:32'),('bd6b6989-6c7f-4ae3-ae8a-f156b8694cba','5898a40d-d33e-411f-b022-5ba51be8cee3','2024-06-06 10:46:32'),('bd6b6989-6c7f-4ae3-ae8a-f156b8694cba','5898a40d-d33e-411f-b022-5ba51be8cee3','2024-06-06 11:22:16'),('bd6b6989-6c7f-4ae3-ae8a-f156b8694cba','5898a40d-d33e-411f-b022-5ba51be8cee3','2024-06-06 11:22:29'),('bd6b6989-6c7f-4ae3-ae8a-f156b8694cba','5898a40d-d33e-411f-b022-5ba51be8cee3','2024-06-06 11:25:39'),('bd6b6989-6c7f-4ae3-ae8a-f156b8694cba','5898a40d-d33e-411f-b022-5ba51be8cee3','2024-06-06 12:12:10'),('bd6b6989-6c7f-4ae3-ae8a-f156b8694cba','5898a40d-d33e-411f-b022-5ba51be8cee3','2024-06-06 12:33:55'),('bd6b6989-6c7f-4ae3-ae8a-f156b8694cba','5898a40d-d33e-411f-b022-5ba51be8cee3','2024-06-06 13:40:42'),('bd6b6989-6c7f-4ae3-ae8a-f156b8694cba','5898a40d-d33e-411f-b022-5ba51be8cee3','2024-06-06 14:22:43'),('bd6b6989-6c7f-4ae3-ae8a-f156b8694cba','5898a40d-d33e-411f-b022-5ba51be8cee3','2024-06-06 14:40:35'),('bd6b6989-6c7f-4ae3-ae8a-f156b8694cba','5898a40d-d33e-411f-b022-5ba51be8cee3','2024-06-06 14:44:33'),('bd6b6989-6c7f-4ae3-ae8a-f156b8694cba','5898a40d-d33e-411f-b022-5ba51be8cee3','2024-06-06 15:05:49'),('bd6b6989-6c7f-4ae3-ae8a-f156b8694cba','5898a40d-d33e-411f-b022-5ba51be8cee3','2024-06-06 15:07:20'),('bd6b6989-6c7f-4ae3-ae8a-f156b8694cba','5898a40d-d33e-411f-b022-5ba51be8cee3','2024-06-06 15:07:46'),('bd6b6989-6c7f-4ae3-ae8a-f156b8694cba','5898a40d-d33e-411f-b022-5ba51be8cee3','2024-06-06 15:11:33'),('bd6b6989-6c7f-4ae3-ae8a-f156b8694cba','5898a40d-d33e-411f-b022-5ba51be8cee3','2024-06-06 16:19:41'),('bd6b6989-6c7f-4ae3-ae8a-f156b8694cba','5898a40d-d33e-411f-b022-5ba51be8cee3','2024-06-06 16:50:46'),('bd6b6989-6c7f-4ae3-ae8a-f156b8694cba','5898a40d-d33e-411f-b022-5ba51be8cee3','2024-06-06 17:06:27'),('bd6b6989-6c7f-4ae3-ae8a-f156b8694cba','5898a40d-d33e-411f-b022-5ba51be8cee3','2024-06-06 17:16:19'),('bd6b6989-6c7f-4ae3-ae8a-f156b8694cba','5898a40d-d33e-411f-b022-5ba51be8cee3','2024-06-06 17:23:34'),('bd6b6989-6c7f-4ae3-ae8a-f156b8694cba','5898a40d-d33e-411f-b022-5ba51be8cee3','2024-06-06 17:34:45'),('bd6b6989-6c7f-4ae3-ae8a-f156b8694cba','5898a40d-d33e-411f-b022-5ba51be8cee3','2024-06-06 17:40:02'),('bd6b6989-6c7f-4ae3-ae8a-f156b8694cba','5898a40d-d33e-411f-b022-5ba51be8cee3','2024-06-06 17:48:52'),('bd6b6989-6c7f-4ae3-ae8a-f156b8694cba','5898a40d-d33e-411f-b022-5ba51be8cee3','2024-06-06 17:56:06'),('bd6b6989-6c7f-4ae3-ae8a-f156b8694cba','5898a40d-d33e-411f-b022-5ba51be8cee3','2024-06-06 18:12:35'),('bd6b6989-6c7f-4ae3-ae8a-f156b8694cba','5898a40d-d33e-411f-b022-5ba51be8cee3','2024-06-06 18:16:57'),('bd6b6989-6c7f-4ae3-ae8a-f156b8694cba','5898a40d-d33e-411f-b022-5ba51be8cee3','2024-06-06 18:20:16'),('bd6b6989-6c7f-4ae3-ae8a-f156b8694cba','5898a40d-d33e-411f-b022-5ba51be8cee3','2024-06-06 18:22:58'),('bd6b6989-6c7f-4ae3-ae8a-f156b8694cba','5898a40d-d33e-411f-b022-5ba51be8cee3','2024-06-06 18:35:57'),('bd6b6989-6c7f-4ae3-ae8a-f156b8694cba','5898a40d-d33e-411f-b022-5ba51be8cee3','2024-06-06 18:41:00'),('bd6b6989-6c7f-4ae3-ae8a-f156b8694cba','5898a40d-d33e-411f-b022-5ba51be8cee3','2024-06-06 18:47:02'),('bd6b6989-6c7f-4ae3-ae8a-f156b8694cba','5898a40d-d33e-411f-b022-5ba51be8cee3','2024-06-06 18:49:03'),('bd6b6989-6c7f-4ae3-ae8a-f156b8694cba','5898a40d-d33e-411f-b022-5ba51be8cee3','2024-06-06 18:53:11'),('bd6b6989-6c7f-4ae3-ae8a-f156b8694cba','5898a40d-d33e-411f-b022-5ba51be8cee3','2024-06-06 19:12:54'),('bd6b6989-6c7f-4ae3-ae8a-f156b8694cba','5898a40d-d33e-411f-b022-5ba51be8cee3','2024-06-06 19:17:30'),('bd6b6989-6c7f-4ae3-ae8a-f156b8694cba','5898a40d-d33e-411f-b022-5ba51be8cee3','2024-06-06 19:21:41'),('bd6b6989-6c7f-4ae3-ae8a-f156b8694cba','5898a40d-d33e-411f-b022-5ba51be8cee3','2024-06-07 07:50:41'),('bd6b6989-6c7f-4ae3-ae8a-f156b8694cba','5898a40d-d33e-411f-b022-5ba51be8cee3','2024-06-07 09:02:50'),('bd6b6989-6c7f-4ae3-ae8a-f156b8694cba','5898a40d-d33e-411f-b022-5ba51be8cee3','2024-06-07 09:08:29'),('bd6b6989-6c7f-4ae3-ae8a-f156b8694cba','5898a40d-d33e-411f-b022-5ba51be8cee3','2024-06-07 15:02:07'),('bd6b6989-6c7f-4ae3-ae8a-f156b8694cba','5898a40d-d33e-411f-b022-5ba51be8cee3','2024-06-07 15:31:38'),('bd6b6989-6c7f-4ae3-ae8a-f156b8694cba','5898a40d-d33e-411f-b022-5ba51be8cee3','2024-06-07 15:41:31'),('bd6b6989-6c7f-4ae3-ae8a-f156b8694cba','5898a40d-d33e-411f-b022-5ba51be8cee3','2024-06-07 15:47:40'),('bd6b6989-6c7f-4ae3-ae8a-f156b8694cba','5898a40d-d33e-411f-b022-5ba51be8cee3','2024-06-07 15:51:18'),('bd6b6989-6c7f-4ae3-ae8a-f156b8694cba','5898a40d-d33e-411f-b022-5ba51be8cee3','2024-06-07 15:52:17'),('bd6b6989-6c7f-4ae3-ae8a-f156b8694cba','5898a40d-d33e-411f-b022-5ba51be8cee3','2024-06-07 16:08:14'),('bd6b6989-6c7f-4ae3-ae8a-f156b8694cba','5898a40d-d33e-411f-b022-5ba51be8cee3','2024-06-07 16:38:05'),('bd6b6989-6c7f-4ae3-ae8a-f156b8694cba','5898a40d-d33e-411f-b022-5ba51be8cee3','2024-06-07 16:45:15'),('bd6b6989-6c7f-4ae3-ae8a-f156b8694cba','5898a40d-d33e-411f-b022-5ba51be8cee3','2024-06-07 16:50:40'),('bd6b6989-6c7f-4ae3-ae8a-f156b8694cba','5898a40d-d33e-411f-b022-5ba51be8cee3','2024-06-07 16:55:50'),('bd6b6989-6c7f-4ae3-ae8a-f156b8694cba','5898a40d-d33e-411f-b022-5ba51be8cee3','2024-06-07 17:33:10'),('bd6b6989-6c7f-4ae3-ae8a-f156b8694cba','5898a40d-d33e-411f-b022-5ba51be8cee3','2024-06-08 08:26:25'),('bd6b6989-6c7f-4ae3-ae8a-f156b8694cba','5898a40d-d33e-411f-b022-5ba51be8cee3','2024-06-08 09:30:46'),('bd6b6989-6c7f-4ae3-ae8a-f156b8694cba','5898a40d-d33e-411f-b022-5ba51be8cee3','2024-06-08 09:32:11'),('bd6b6989-6c7f-4ae3-ae8a-f156b8694cba','5898a40d-d33e-411f-b022-5ba51be8cee3','2024-06-08 09:34:30'),('bd6b6989-6c7f-4ae3-ae8a-f156b8694cba','5898a40d-d33e-411f-b022-5ba51be8cee3','2024-06-08 09:35:14'),('bd6b6989-6c7f-4ae3-ae8a-f156b8694cba','5898a40d-d33e-411f-b022-5ba51be8cee3','2024-06-08 09:37:51'),('bd6b6989-6c7f-4ae3-ae8a-f156b8694cba','5898a40d-d33e-411f-b022-5ba51be8cee3','2024-06-08 18:36:29'),('bd6b6989-6c7f-4ae3-ae8a-f156b8694cba','5898a40d-d33e-411f-b022-5ba51be8cee3','2024-06-08 18:37:06'),('bd6b6989-6c7f-4ae3-ae8a-f156b8694cba','5898a40d-d33e-411f-b022-5ba51be8cee3','2024-06-08 18:39:00'),('bd6b6989-6c7f-4ae3-ae8a-f156b8694cba','5898a40d-d33e-411f-b022-5ba51be8cee3','2024-06-08 18:40:41'),('bd6b6989-6c7f-4ae3-ae8a-f156b8694cba','5898a40d-d33e-411f-b022-5ba51be8cee3','2024-06-08 18:42:39'),('bd6b6989-6c7f-4ae3-ae8a-f156b8694cba','5898a40d-d33e-411f-b022-5ba51be8cee3','2024-06-08 18:43:48'),('bd6b6989-6c7f-4ae3-ae8a-f156b8694cba','5898a40d-d33e-411f-b022-5ba51be8cee3','2024-06-08 18:44:35'),('bd6b6989-6c7f-4ae3-ae8a-f156b8694cba','5898a40d-d33e-411f-b022-5ba51be8cee3','2024-06-08 18:45:19'),('bd6b6989-6c7f-4ae3-ae8a-f156b8694cba','5898a40d-d33e-411f-b022-5ba51be8cee3','2024-06-08 18:46:13'),('bd6b6989-6c7f-4ae3-ae8a-f156b8694cba','5898a40d-d33e-411f-b022-5ba51be8cee3','2024-06-08 18:48:43'),('bd6b6989-6c7f-4ae3-ae8a-f156b8694cba','5898a40d-d33e-411f-b022-5ba51be8cee3','2024-06-08 18:49:02'),('bd6b6989-6c7f-4ae3-ae8a-f156b8694cba','5898a40d-d33e-411f-b022-5ba51be8cee3','2024-06-08 18:49:17'),('bd6b6989-6c7f-4ae3-ae8a-f156b8694cba','5898a40d-d33e-411f-b022-5ba51be8cee3','2024-06-10 10:29:25'),('bd6b6989-6c7f-4ae3-ae8a-f156b8694cba','5898a40d-d33e-411f-b022-5ba51be8cee3','2024-06-10 10:30:06'),('bd6b6989-6c7f-4ae3-ae8a-f156b8694cba','5898a40d-d33e-411f-b022-5ba51be8cee3','2024-06-10 11:03:55'),('bd6b6989-6c7f-4ae3-ae8a-f156b8694cba','5898a40d-d33e-411f-b022-5ba51be8cee3','2024-06-10 11:04:22'),('bd6b6989-6c7f-4ae3-ae8a-f156b8694cba','5898a40d-d33e-411f-b022-5ba51be8cee3','2024-06-10 11:04:30'),('bd6b6989-6c7f-4ae3-ae8a-f156b8694cba','5898a40d-d33e-411f-b022-5ba51be8cee3','2024-06-10 18:53:38'),('bd6b6989-6c7f-4ae3-ae8a-f156b8694cba','5898a40d-d33e-411f-b022-5ba51be8cee3','2024-06-10 19:41:28'),('bd6b6989-6c7f-4ae3-ae8a-f156b8694cba','5898a40d-d33e-411f-b022-5ba51be8cee3','2024-06-11 07:59:53'),('bd6b6989-6c7f-4ae3-ae8a-f156b8694cba','5898a40d-d33e-411f-b022-5ba51be8cee3','2024-06-11 15:58:51'),('bd6b6989-6c7f-4ae3-ae8a-f156b8694cba','5898a40d-d33e-411f-b022-5ba51be8cee3','2024-06-11 17:50:32'),('e3d5d919-0673-4dc5-8f03-e81dce2ac0ee','5898a40d-d33e-411f-b022-5ba51be8cee3','2024-06-04 18:52:17'),('e3d5d919-0673-4dc5-8f03-e81dce2ac0ee','5898a40d-d33e-411f-b022-5ba51be8cee3','2024-06-04 18:52:30'),('e3d5d919-0673-4dc5-8f03-e81dce2ac0ee','5898a40d-d33e-411f-b022-5ba51be8cee3','2024-06-04 18:52:43'),('e3d5d919-0673-4dc5-8f03-e81dce2ac0ee','5898a40d-d33e-411f-b022-5ba51be8cee3','2024-06-04 18:55:21'),('e3d5d919-0673-4dc5-8f03-e81dce2ac0ee','5898a40d-d33e-411f-b022-5ba51be8cee3','2024-06-04 18:55:23'),('e3d5d919-0673-4dc5-8f03-e81dce2ac0ee','5898a40d-d33e-411f-b022-5ba51be8cee3','2024-06-04 18:55:32'),('e3d5d919-0673-4dc5-8f03-e81dce2ac0ee','5898a40d-d33e-411f-b022-5ba51be8cee3','2024-06-04 18:55:50'),('e3d5d919-0673-4dc5-8f03-e81dce2ac0ee','5898a40d-d33e-411f-b022-5ba51be8cee3','2024-06-04 18:58:07'),('e3d5d919-0673-4dc5-8f03-e81dce2ac0ee','5898a40d-d33e-411f-b022-5ba51be8cee3','2024-06-04 18:58:15'),('e3d5d919-0673-4dc5-8f03-e81dce2ac0ee','5898a40d-d33e-411f-b022-5ba51be8cee3','2024-06-04 19:01:58'),('e3d5d919-0673-4dc5-8f03-e81dce2ac0ee','5898a40d-d33e-411f-b022-5ba51be8cee3','2024-06-04 19:02:13'),('e3d5d919-0673-4dc5-8f03-e81dce2ac0ee','5898a40d-d33e-411f-b022-5ba51be8cee3','2024-06-04 19:05:22'),('e3d5d919-0673-4dc5-8f03-e81dce2ac0ee','5898a40d-d33e-411f-b022-5ba51be8cee3','2024-06-04 19:05:30'),('e3d5d919-0673-4dc5-8f03-e81dce2ac0ee','5898a40d-d33e-411f-b022-5ba51be8cee3','2024-06-04 19:09:13'),('e3d5d919-0673-4dc5-8f03-e81dce2ac0ee','5898a40d-d33e-411f-b022-5ba51be8cee3','2024-06-04 19:09:25'),('e3d5d919-0673-4dc5-8f03-e81dce2ac0ee','5898a40d-d33e-411f-b022-5ba51be8cee3','2024-06-04 19:09:27'),('e3d5d919-0673-4dc5-8f03-e81dce2ac0ee','5898a40d-d33e-411f-b022-5ba51be8cee3','2024-06-04 19:11:07'),('e3d5d919-0673-4dc5-8f03-e81dce2ac0ee','5898a40d-d33e-411f-b022-5ba51be8cee3','2024-06-04 19:11:35'),('e3d5d919-0673-4dc5-8f03-e81dce2ac0ee','5898a40d-d33e-411f-b022-5ba51be8cee3','2024-06-04 19:14:47'),('e3d5d919-0673-4dc5-8f03-e81dce2ac0ee','5898a40d-d33e-411f-b022-5ba51be8cee3','2024-06-04 19:15:14'),('e3d5d919-0673-4dc5-8f03-e81dce2ac0ee','5898a40d-d33e-411f-b022-5ba51be8cee3','2024-06-04 19:28:07'),('e3d5d919-0673-4dc5-8f03-e81dce2ac0ee','5898a40d-d33e-411f-b022-5ba51be8cee3','2024-06-04 19:28:24'),('e3d5d919-0673-4dc5-8f03-e81dce2ac0ee','5898a40d-d33e-411f-b022-5ba51be8cee3','2024-06-04 19:28:47'),('e3d5d919-0673-4dc5-8f03-e81dce2ac0ee','5898a40d-d33e-411f-b022-5ba51be8cee3','2024-06-04 19:28:59'),('e3d5d919-0673-4dc5-8f03-e81dce2ac0ee','5898a40d-d33e-411f-b022-5ba51be8cee3','2024-06-04 19:29:04'),('e3d5d919-0673-4dc5-8f03-e81dce2ac0ee','5898a40d-d33e-411f-b022-5ba51be8cee3','2024-06-05 07:38:01'),('e3d5d919-0673-4dc5-8f03-e81dce2ac0ee','5898a40d-d33e-411f-b022-5ba51be8cee3','2024-06-05 09:13:20'),('e3d5d919-0673-4dc5-8f03-e81dce2ac0ee','5898a40d-d33e-411f-b022-5ba51be8cee3','2024-06-05 09:22:03'),('e3d5d919-0673-4dc5-8f03-e81dce2ac0ee','5898a40d-d33e-411f-b022-5ba51be8cee3','2024-06-05 09:22:16'),('e3d5d919-0673-4dc5-8f03-e81dce2ac0ee','5898a40d-d33e-411f-b022-5ba51be8cee3','2024-06-05 09:23:07'),('e3d5d919-0673-4dc5-8f03-e81dce2ac0ee','5898a40d-d33e-411f-b022-5ba51be8cee3','2024-06-05 09:24:34'),('e3d5d919-0673-4dc5-8f03-e81dce2ac0ee','5898a40d-d33e-411f-b022-5ba51be8cee3','2024-06-05 09:59:43'),('e3d5d919-0673-4dc5-8f03-e81dce2ac0ee','5898a40d-d33e-411f-b022-5ba51be8cee3','2024-06-05 10:26:01'),('e3d5d919-0673-4dc5-8f03-e81dce2ac0ee','5898a40d-d33e-411f-b022-5ba51be8cee3','2024-06-05 10:26:41'),('e3d5d919-0673-4dc5-8f03-e81dce2ac0ee','5898a40d-d33e-411f-b022-5ba51be8cee3','2024-06-05 10:35:41'),('e3d5d919-0673-4dc5-8f03-e81dce2ac0ee','5898a40d-d33e-411f-b022-5ba51be8cee3','2024-06-05 10:49:27'),('e3d5d919-0673-4dc5-8f03-e81dce2ac0ee','5898a40d-d33e-411f-b022-5ba51be8cee3','2024-06-05 13:52:10'),('e3d5d919-0673-4dc5-8f03-e81dce2ac0ee','5898a40d-d33e-411f-b022-5ba51be8cee3','2024-06-05 14:17:39'),('e3d5d919-0673-4dc5-8f03-e81dce2ac0ee','5898a40d-d33e-411f-b022-5ba51be8cee3','2024-06-05 14:19:37'),('e3d5d919-0673-4dc5-8f03-e81dce2ac0ee','5898a40d-d33e-411f-b022-5ba51be8cee3','2024-06-05 14:20:21'),('e3d5d919-0673-4dc5-8f03-e81dce2ac0ee','5898a40d-d33e-411f-b022-5ba51be8cee3','2024-06-06 09:28:55'),('bd6b6989-6c7f-4ae3-ae8a-f156b8694cba','5ecf4831-2764-47d9-b171-beee40c37799','2024-06-05 14:54:24'),('bd6b6989-6c7f-4ae3-ae8a-f156b8694cba','5ecf4831-2764-47d9-b171-beee40c37799','2024-06-05 15:40:01'),('bd6b6989-6c7f-4ae3-ae8a-f156b8694cba','5ecf4831-2764-47d9-b171-beee40c37799','2024-06-06 04:48:41'),('bd6b6989-6c7f-4ae3-ae8a-f156b8694cba','5ecf4831-2764-47d9-b171-beee40c37799','2024-06-06 07:41:19'),('bd6b6989-6c7f-4ae3-ae8a-f156b8694cba','5ecf4831-2764-47d9-b171-beee40c37799','2024-06-06 07:41:44'),('bd6b6989-6c7f-4ae3-ae8a-f156b8694cba','5ecf4831-2764-47d9-b171-beee40c37799','2024-06-06 07:54:23'),('bd6b6989-6c7f-4ae3-ae8a-f156b8694cba','5ecf4831-2764-47d9-b171-beee40c37799','2024-06-06 09:55:20'),('bd6b6989-6c7f-4ae3-ae8a-f156b8694cba','5ecf4831-2764-47d9-b171-beee40c37799','2024-06-06 11:22:19'),('bd6b6989-6c7f-4ae3-ae8a-f156b8694cba','5ecf4831-2764-47d9-b171-beee40c37799','2024-06-06 11:24:07'),('bd6b6989-6c7f-4ae3-ae8a-f156b8694cba','5ecf4831-2764-47d9-b171-beee40c37799','2024-06-06 14:07:17'),('bd6b6989-6c7f-4ae3-ae8a-f156b8694cba','5ecf4831-2764-47d9-b171-beee40c37799','2024-06-07 07:30:04'),('bd6b6989-6c7f-4ae3-ae8a-f156b8694cba','5ecf4831-2764-47d9-b171-beee40c37799','2024-06-07 07:32:10'),('bd6b6989-6c7f-4ae3-ae8a-f156b8694cba','5ecf4831-2764-47d9-b171-beee40c37799','2024-06-07 07:58:41'),('bd6b6989-6c7f-4ae3-ae8a-f156b8694cba','5ecf4831-2764-47d9-b171-beee40c37799','2024-06-07 08:58:07'),('bd6b6989-6c7f-4ae3-ae8a-f156b8694cba','5ecf4831-2764-47d9-b171-beee40c37799','2024-06-07 09:03:11'),('bd6b6989-6c7f-4ae3-ae8a-f156b8694cba','5ecf4831-2764-47d9-b171-beee40c37799','2024-06-07 09:04:33'),('bd6b6989-6c7f-4ae3-ae8a-f156b8694cba','5ecf4831-2764-47d9-b171-beee40c37799','2024-06-07 09:07:39'),('bd6b6989-6c7f-4ae3-ae8a-f156b8694cba','5ecf4831-2764-47d9-b171-beee40c37799','2024-06-07 14:43:50'),('bd6b6989-6c7f-4ae3-ae8a-f156b8694cba','5ecf4831-2764-47d9-b171-beee40c37799','2024-06-07 15:02:58'),('bd6b6989-6c7f-4ae3-ae8a-f156b8694cba','5ecf4831-2764-47d9-b171-beee40c37799','2024-06-07 16:55:43'),('bd6b6989-6c7f-4ae3-ae8a-f156b8694cba','5ecf4831-2764-47d9-b171-beee40c37799','2024-06-07 18:49:00'),('bd6b6989-6c7f-4ae3-ae8a-f156b8694cba','5ecf4831-2764-47d9-b171-beee40c37799','2024-06-08 08:43:12'),('bd6b6989-6c7f-4ae3-ae8a-f156b8694cba','5ecf4831-2764-47d9-b171-beee40c37799','2024-06-08 08:51:49'),('bd6b6989-6c7f-4ae3-ae8a-f156b8694cba','5ecf4831-2764-47d9-b171-beee40c37799','2024-06-08 08:54:26'),('bd6b6989-6c7f-4ae3-ae8a-f156b8694cba','5ecf4831-2764-47d9-b171-beee40c37799','2024-06-08 09:01:06'),('bd6b6989-6c7f-4ae3-ae8a-f156b8694cba','5ecf4831-2764-47d9-b171-beee40c37799','2024-06-08 09:04:14'),('bd6b6989-6c7f-4ae3-ae8a-f156b8694cba','5ecf4831-2764-47d9-b171-beee40c37799','2024-06-08 09:37:28'),('bd6b6989-6c7f-4ae3-ae8a-f156b8694cba','5ecf4831-2764-47d9-b171-beee40c37799','2024-06-08 09:42:27'),('bd6b6989-6c7f-4ae3-ae8a-f156b8694cba','5ecf4831-2764-47d9-b171-beee40c37799','2024-06-10 10:30:13'),('bd6b6989-6c7f-4ae3-ae8a-f156b8694cba','5ecf4831-2764-47d9-b171-beee40c37799','2024-06-10 18:53:45'),('bd6b6989-6c7f-4ae3-ae8a-f156b8694cba','5ecf4831-2764-47d9-b171-beee40c37799','2024-06-11 08:04:11'),('e3d5d919-0673-4dc5-8f03-e81dce2ac0ee','5ecf4831-2764-47d9-b171-beee40c37799','2024-06-04 18:35:52'),('e3d5d919-0673-4dc5-8f03-e81dce2ac0ee','5ecf4831-2764-47d9-b171-beee40c37799','2024-06-05 09:24:39'),('e3d5d919-0673-4dc5-8f03-e81dce2ac0ee','5ecf4831-2764-47d9-b171-beee40c37799','2024-06-05 10:00:48'),('e3d5d919-0673-4dc5-8f03-e81dce2ac0ee','5ecf4831-2764-47d9-b171-beee40c37799','2024-06-05 10:22:41'),('e3d5d919-0673-4dc5-8f03-e81dce2ac0ee','5ecf4831-2764-47d9-b171-beee40c37799','2024-06-05 10:26:53'),('e3d5d919-0673-4dc5-8f03-e81dce2ac0ee','5ecf4831-2764-47d9-b171-beee40c37799','2024-06-05 10:35:59'),('e3d5d919-0673-4dc5-8f03-e81dce2ac0ee','5ecf4831-2764-47d9-b171-beee40c37799','2024-06-05 14:17:57'),('e3d5d919-0673-4dc5-8f03-e81dce2ac0ee','5ecf4831-2764-47d9-b171-beee40c37799','2024-06-05 14:21:36'),('bd6b6989-6c7f-4ae3-ae8a-f156b8694cba','5ef384e1-247c-40ac-82c4-a1818151e54a','2024-06-11 14:52:01'),('bd6b6989-6c7f-4ae3-ae8a-f156b8694cba','6a13b28e-fc83-436a-8c06-16a88ea46ce6','2024-06-11 06:30:02'),('bd6b6989-6c7f-4ae3-ae8a-f156b8694cba','6a13b28e-fc83-436a-8c06-16a88ea46ce6','2024-06-11 06:30:35'),('bd6b6989-6c7f-4ae3-ae8a-f156b8694cba','6a13b28e-fc83-436a-8c06-16a88ea46ce6','2024-06-11 06:30:39'),('bd6b6989-6c7f-4ae3-ae8a-f156b8694cba','6a13b28e-fc83-436a-8c06-16a88ea46ce6','2024-06-11 06:30:41'),('bd6b6989-6c7f-4ae3-ae8a-f156b8694cba','6a13b28e-fc83-436a-8c06-16a88ea46ce6','2024-06-11 06:31:17'),('bd6b6989-6c7f-4ae3-ae8a-f156b8694cba','6a13b28e-fc83-436a-8c06-16a88ea46ce6','2024-06-11 06:32:26'),('bd6b6989-6c7f-4ae3-ae8a-f156b8694cba','77e5b6ad-c155-4b42-bbb0-1b148b8c7070','2024-06-05 14:30:43'),('bd6b6989-6c7f-4ae3-ae8a-f156b8694cba','77e5b6ad-c155-4b42-bbb0-1b148b8c7070','2024-06-06 04:48:10'),('bd6b6989-6c7f-4ae3-ae8a-f156b8694cba','77e5b6ad-c155-4b42-bbb0-1b148b8c7070','2024-06-06 06:21:25'),('bd6b6989-6c7f-4ae3-ae8a-f156b8694cba','77e5b6ad-c155-4b42-bbb0-1b148b8c7070','2024-06-06 08:05:08'),('bd6b6989-6c7f-4ae3-ae8a-f156b8694cba','77e5b6ad-c155-4b42-bbb0-1b148b8c7070','2024-06-06 11:22:18'),('bd6b6989-6c7f-4ae3-ae8a-f156b8694cba','77e5b6ad-c155-4b42-bbb0-1b148b8c7070','2024-06-06 14:31:28'),('bd6b6989-6c7f-4ae3-ae8a-f156b8694cba','77e5b6ad-c155-4b42-bbb0-1b148b8c7070','2024-06-06 18:44:19'),('bd6b6989-6c7f-4ae3-ae8a-f156b8694cba','77e5b6ad-c155-4b42-bbb0-1b148b8c7070','2024-06-06 18:58:47'),('bd6b6989-6c7f-4ae3-ae8a-f156b8694cba','77e5b6ad-c155-4b42-bbb0-1b148b8c7070','2024-06-06 19:14:36'),('bd6b6989-6c7f-4ae3-ae8a-f156b8694cba','77e5b6ad-c155-4b42-bbb0-1b148b8c7070','2024-06-07 07:51:36'),('bd6b6989-6c7f-4ae3-ae8a-f156b8694cba','77e5b6ad-c155-4b42-bbb0-1b148b8c7070','2024-06-07 09:02:06'),('bd6b6989-6c7f-4ae3-ae8a-f156b8694cba','77e5b6ad-c155-4b42-bbb0-1b148b8c7070','2024-06-07 09:05:56'),('bd6b6989-6c7f-4ae3-ae8a-f156b8694cba','77e5b6ad-c155-4b42-bbb0-1b148b8c7070','2024-06-07 09:07:46'),('bd6b6989-6c7f-4ae3-ae8a-f156b8694cba','77e5b6ad-c155-4b42-bbb0-1b148b8c7070','2024-06-07 16:15:43'),('bd6b6989-6c7f-4ae3-ae8a-f156b8694cba','77e5b6ad-c155-4b42-bbb0-1b148b8c7070','2024-06-07 16:53:09'),('bd6b6989-6c7f-4ae3-ae8a-f156b8694cba','77e5b6ad-c155-4b42-bbb0-1b148b8c7070','2024-06-08 08:51:26'),('bd6b6989-6c7f-4ae3-ae8a-f156b8694cba','77e5b6ad-c155-4b42-bbb0-1b148b8c7070','2024-06-10 10:06:49'),('bd6b6989-6c7f-4ae3-ae8a-f156b8694cba','77e5b6ad-c155-4b42-bbb0-1b148b8c7070','2024-06-10 10:34:37'),('bd6b6989-6c7f-4ae3-ae8a-f156b8694cba','77e5b6ad-c155-4b42-bbb0-1b148b8c7070','2024-06-10 11:04:05'),('bd6b6989-6c7f-4ae3-ae8a-f156b8694cba','77e5b6ad-c155-4b42-bbb0-1b148b8c7070','2024-06-10 11:04:26'),('e3d5d919-0673-4dc5-8f03-e81dce2ac0ee','77e5b6ad-c155-4b42-bbb0-1b148b8c7070','2024-06-04 18:34:49'),('e3d5d919-0673-4dc5-8f03-e81dce2ac0ee','77e5b6ad-c155-4b42-bbb0-1b148b8c7070','2024-06-04 18:35:46'),('e3d5d919-0673-4dc5-8f03-e81dce2ac0ee','77e5b6ad-c155-4b42-bbb0-1b148b8c7070','2024-06-04 18:42:24'),('e3d5d919-0673-4dc5-8f03-e81dce2ac0ee','77e5b6ad-c155-4b42-bbb0-1b148b8c7070','2024-06-04 18:42:38'),('e3d5d919-0673-4dc5-8f03-e81dce2ac0ee','77e5b6ad-c155-4b42-bbb0-1b148b8c7070','2024-06-04 18:42:43'),('e3d5d919-0673-4dc5-8f03-e81dce2ac0ee','77e5b6ad-c155-4b42-bbb0-1b148b8c7070','2024-06-04 18:47:02'),('e3d5d919-0673-4dc5-8f03-e81dce2ac0ee','77e5b6ad-c155-4b42-bbb0-1b148b8c7070','2024-06-04 18:52:13'),('e3d5d919-0673-4dc5-8f03-e81dce2ac0ee','77e5b6ad-c155-4b42-bbb0-1b148b8c7070','2024-06-04 18:55:08'),('e3d5d919-0673-4dc5-8f03-e81dce2ac0ee','77e5b6ad-c155-4b42-bbb0-1b148b8c7070','2024-06-04 18:55:23'),('e3d5d919-0673-4dc5-8f03-e81dce2ac0ee','77e5b6ad-c155-4b42-bbb0-1b148b8c7070','2024-06-04 18:55:34'),('e3d5d919-0673-4dc5-8f03-e81dce2ac0ee','77e5b6ad-c155-4b42-bbb0-1b148b8c7070','2024-06-04 18:55:44'),('e3d5d919-0673-4dc5-8f03-e81dce2ac0ee','77e5b6ad-c155-4b42-bbb0-1b148b8c7070','2024-06-04 18:57:41'),('e3d5d919-0673-4dc5-8f03-e81dce2ac0ee','77e5b6ad-c155-4b42-bbb0-1b148b8c7070','2024-06-04 18:57:44'),('e3d5d919-0673-4dc5-8f03-e81dce2ac0ee','77e5b6ad-c155-4b42-bbb0-1b148b8c7070','2024-06-04 18:58:09'),('e3d5d919-0673-4dc5-8f03-e81dce2ac0ee','77e5b6ad-c155-4b42-bbb0-1b148b8c7070','2024-06-04 18:58:20'),('e3d5d919-0673-4dc5-8f03-e81dce2ac0ee','77e5b6ad-c155-4b42-bbb0-1b148b8c7070','2024-06-04 18:59:38'),('e3d5d919-0673-4dc5-8f03-e81dce2ac0ee','77e5b6ad-c155-4b42-bbb0-1b148b8c7070','2024-06-04 19:02:02'),('e3d5d919-0673-4dc5-8f03-e81dce2ac0ee','77e5b6ad-c155-4b42-bbb0-1b148b8c7070','2024-06-04 19:04:52'),('e3d5d919-0673-4dc5-8f03-e81dce2ac0ee','77e5b6ad-c155-4b42-bbb0-1b148b8c7070','2024-06-04 19:05:25'),('e3d5d919-0673-4dc5-8f03-e81dce2ac0ee','77e5b6ad-c155-4b42-bbb0-1b148b8c7070','2024-06-04 19:05:29'),('e3d5d919-0673-4dc5-8f03-e81dce2ac0ee','77e5b6ad-c155-4b42-bbb0-1b148b8c7070','2024-06-04 19:07:08'),('e3d5d919-0673-4dc5-8f03-e81dce2ac0ee','77e5b6ad-c155-4b42-bbb0-1b148b8c7070','2024-06-04 19:07:15'),('e3d5d919-0673-4dc5-8f03-e81dce2ac0ee','77e5b6ad-c155-4b42-bbb0-1b148b8c7070','2024-06-04 19:09:01'),('e3d5d919-0673-4dc5-8f03-e81dce2ac0ee','77e5b6ad-c155-4b42-bbb0-1b148b8c7070','2024-06-04 19:09:05'),('e3d5d919-0673-4dc5-8f03-e81dce2ac0ee','77e5b6ad-c155-4b42-bbb0-1b148b8c7070','2024-06-04 19:09:43'),('e3d5d919-0673-4dc5-8f03-e81dce2ac0ee','77e5b6ad-c155-4b42-bbb0-1b148b8c7070','2024-06-04 19:11:01'),('e3d5d919-0673-4dc5-8f03-e81dce2ac0ee','77e5b6ad-c155-4b42-bbb0-1b148b8c7070','2024-06-04 19:11:28'),('e3d5d919-0673-4dc5-8f03-e81dce2ac0ee','77e5b6ad-c155-4b42-bbb0-1b148b8c7070','2024-06-04 19:14:40'),('e3d5d919-0673-4dc5-8f03-e81dce2ac0ee','77e5b6ad-c155-4b42-bbb0-1b148b8c7070','2024-06-04 19:15:05'),('e3d5d919-0673-4dc5-8f03-e81dce2ac0ee','77e5b6ad-c155-4b42-bbb0-1b148b8c7070','2024-06-04 19:15:12'),('e3d5d919-0673-4dc5-8f03-e81dce2ac0ee','77e5b6ad-c155-4b42-bbb0-1b148b8c7070','2024-06-05 07:34:17'),('e3d5d919-0673-4dc5-8f03-e81dce2ac0ee','77e5b6ad-c155-4b42-bbb0-1b148b8c7070','2024-06-05 07:35:48'),('e3d5d919-0673-4dc5-8f03-e81dce2ac0ee','77e5b6ad-c155-4b42-bbb0-1b148b8c7070','2024-06-05 07:37:12'),('e3d5d919-0673-4dc5-8f03-e81dce2ac0ee','77e5b6ad-c155-4b42-bbb0-1b148b8c7070','2024-06-05 07:38:23'),('e3d5d919-0673-4dc5-8f03-e81dce2ac0ee','77e5b6ad-c155-4b42-bbb0-1b148b8c7070','2024-06-05 07:41:01'),('e3d5d919-0673-4dc5-8f03-e81dce2ac0ee','77e5b6ad-c155-4b42-bbb0-1b148b8c7070','2024-06-05 07:48:50'),('e3d5d919-0673-4dc5-8f03-e81dce2ac0ee','77e5b6ad-c155-4b42-bbb0-1b148b8c7070','2024-06-05 09:13:13'),('e3d5d919-0673-4dc5-8f03-e81dce2ac0ee','77e5b6ad-c155-4b42-bbb0-1b148b8c7070','2024-06-05 09:17:53'),('e3d5d919-0673-4dc5-8f03-e81dce2ac0ee','77e5b6ad-c155-4b42-bbb0-1b148b8c7070','2024-06-05 09:18:18'),('e3d5d919-0673-4dc5-8f03-e81dce2ac0ee','77e5b6ad-c155-4b42-bbb0-1b148b8c7070','2024-06-05 09:21:29'),('e3d5d919-0673-4dc5-8f03-e81dce2ac0ee','77e5b6ad-c155-4b42-bbb0-1b148b8c7070','2024-06-05 09:22:04'),('e3d5d919-0673-4dc5-8f03-e81dce2ac0ee','77e5b6ad-c155-4b42-bbb0-1b148b8c7070','2024-06-05 09:22:48'),('e3d5d919-0673-4dc5-8f03-e81dce2ac0ee','77e5b6ad-c155-4b42-bbb0-1b148b8c7070','2024-06-05 10:35:47'),('e3d5d919-0673-4dc5-8f03-e81dce2ac0ee','77e5b6ad-c155-4b42-bbb0-1b148b8c7070','2024-06-05 13:58:58'),('e3d5d919-0673-4dc5-8f03-e81dce2ac0ee','77e5b6ad-c155-4b42-bbb0-1b148b8c7070','2024-06-05 14:05:45'),('e3d5d919-0673-4dc5-8f03-e81dce2ac0ee','77e5b6ad-c155-4b42-bbb0-1b148b8c7070','2024-06-05 14:11:01'),('e3d5d919-0673-4dc5-8f03-e81dce2ac0ee','77e5b6ad-c155-4b42-bbb0-1b148b8c7070','2024-06-05 14:13:41'),('e3d5d919-0673-4dc5-8f03-e81dce2ac0ee','77e5b6ad-c155-4b42-bbb0-1b148b8c7070','2024-06-05 14:16:50'),('bd6b6989-6c7f-4ae3-ae8a-f156b8694cba','77f4eadc-ac7a-4625-9415-68b6bbc8b9ef','2024-06-11 14:59:22'),('e3d5d919-0673-4dc5-8f03-e81dce2ac0ee','85e901f7-fbfe-4dae-82bf-1b4084b082fb','2024-06-04 18:35:12'),('e3d5d919-0673-4dc5-8f03-e81dce2ac0ee','85e901f7-fbfe-4dae-82bf-1b4084b082fb','2024-06-04 18:47:11'),('e3d5d919-0673-4dc5-8f03-e81dce2ac0ee','85e901f7-fbfe-4dae-82bf-1b4084b082fb','2024-06-04 18:52:16'),('e3d5d919-0673-4dc5-8f03-e81dce2ac0ee','85e901f7-fbfe-4dae-82bf-1b4084b082fb','2024-06-04 18:52:31'),('e3d5d919-0673-4dc5-8f03-e81dce2ac0ee','85e901f7-fbfe-4dae-82bf-1b4084b082fb','2024-06-04 18:52:42'),('e3d5d919-0673-4dc5-8f03-e81dce2ac0ee','85e901f7-fbfe-4dae-82bf-1b4084b082fb','2024-06-04 18:55:25'),('e3d5d919-0673-4dc5-8f03-e81dce2ac0ee','85e901f7-fbfe-4dae-82bf-1b4084b082fb','2024-06-04 18:55:31'),('e3d5d919-0673-4dc5-8f03-e81dce2ac0ee','85e901f7-fbfe-4dae-82bf-1b4084b082fb','2024-06-04 18:55:36'),('e3d5d919-0673-4dc5-8f03-e81dce2ac0ee','85e901f7-fbfe-4dae-82bf-1b4084b082fb','2024-06-04 18:55:49'),('e3d5d919-0673-4dc5-8f03-e81dce2ac0ee','85e901f7-fbfe-4dae-82bf-1b4084b082fb','2024-06-04 18:57:58'),('e3d5d919-0673-4dc5-8f03-e81dce2ac0ee','85e901f7-fbfe-4dae-82bf-1b4084b082fb','2024-06-04 18:58:00'),('e3d5d919-0673-4dc5-8f03-e81dce2ac0ee','85e901f7-fbfe-4dae-82bf-1b4084b082fb','2024-06-04 18:58:03'),('e3d5d919-0673-4dc5-8f03-e81dce2ac0ee','85e901f7-fbfe-4dae-82bf-1b4084b082fb','2024-06-04 19:01:50'),('e3d5d919-0673-4dc5-8f03-e81dce2ac0ee','85e901f7-fbfe-4dae-82bf-1b4084b082fb','2024-06-04 19:04:56'),('e3d5d919-0673-4dc5-8f03-e81dce2ac0ee','85e901f7-fbfe-4dae-82bf-1b4084b082fb','2024-06-04 19:05:17'),('e3d5d919-0673-4dc5-8f03-e81dce2ac0ee','85e901f7-fbfe-4dae-82bf-1b4084b082fb','2024-06-04 19:05:21'),('e3d5d919-0673-4dc5-8f03-e81dce2ac0ee','85e901f7-fbfe-4dae-82bf-1b4084b082fb','2024-06-04 19:05:30'),('e3d5d919-0673-4dc5-8f03-e81dce2ac0ee','85e901f7-fbfe-4dae-82bf-1b4084b082fb','2024-06-04 19:05:39'),('e3d5d919-0673-4dc5-8f03-e81dce2ac0ee','85e901f7-fbfe-4dae-82bf-1b4084b082fb','2024-06-04 19:11:10'),('e3d5d919-0673-4dc5-8f03-e81dce2ac0ee','85e901f7-fbfe-4dae-82bf-1b4084b082fb','2024-06-04 19:11:39'),('e3d5d919-0673-4dc5-8f03-e81dce2ac0ee','85e901f7-fbfe-4dae-82bf-1b4084b082fb','2024-06-04 19:14:49'),('e3d5d919-0673-4dc5-8f03-e81dce2ac0ee','85e901f7-fbfe-4dae-82bf-1b4084b082fb','2024-06-04 19:15:14'),('e3d5d919-0673-4dc5-8f03-e81dce2ac0ee','85e901f7-fbfe-4dae-82bf-1b4084b082fb','2024-06-04 19:28:00'),('e3d5d919-0673-4dc5-8f03-e81dce2ac0ee','85e901f7-fbfe-4dae-82bf-1b4084b082fb','2024-06-04 19:28:02'),('e3d5d919-0673-4dc5-8f03-e81dce2ac0ee','85e901f7-fbfe-4dae-82bf-1b4084b082fb','2024-06-04 19:28:11'),('e3d5d919-0673-4dc5-8f03-e81dce2ac0ee','85e901f7-fbfe-4dae-82bf-1b4084b082fb','2024-06-04 19:28:25'),('e3d5d919-0673-4dc5-8f03-e81dce2ac0ee','85e901f7-fbfe-4dae-82bf-1b4084b082fb','2024-06-04 19:28:49'),('e3d5d919-0673-4dc5-8f03-e81dce2ac0ee','85e901f7-fbfe-4dae-82bf-1b4084b082fb','2024-06-04 19:28:54'),('e3d5d919-0673-4dc5-8f03-e81dce2ac0ee','85e901f7-fbfe-4dae-82bf-1b4084b082fb','2024-06-05 07:37:24'),('e3d5d919-0673-4dc5-8f03-e81dce2ac0ee','85e901f7-fbfe-4dae-82bf-1b4084b082fb','2024-06-05 09:12:53'),('e3d5d919-0673-4dc5-8f03-e81dce2ac0ee','85e901f7-fbfe-4dae-82bf-1b4084b082fb','2024-06-05 09:22:00'),('e3d5d919-0673-4dc5-8f03-e81dce2ac0ee','85e901f7-fbfe-4dae-82bf-1b4084b082fb','2024-06-05 09:22:02'),('bd6b6989-6c7f-4ae3-ae8a-f156b8694cba','9279eead-2f3f-4784-a27e-d6840f04384c','2024-06-05 15:16:42'),('bd6b6989-6c7f-4ae3-ae8a-f156b8694cba','9279eead-2f3f-4784-a27e-d6840f04384c','2024-06-06 07:37:56'),('bd6b6989-6c7f-4ae3-ae8a-f156b8694cba','9279eead-2f3f-4784-a27e-d6840f04384c','2024-06-07 09:08:53'),('bd6b6989-6c7f-4ae3-ae8a-f156b8694cba','9279eead-2f3f-4784-a27e-d6840f04384c','2024-06-07 09:09:07'),('bd6b6989-6c7f-4ae3-ae8a-f156b8694cba','9279eead-2f3f-4784-a27e-d6840f04384c','2024-06-10 10:37:23'),('e3d5d919-0673-4dc5-8f03-e81dce2ac0ee','9279eead-2f3f-4784-a27e-d6840f04384c','2024-06-04 18:38:52'),('e3d5d919-0673-4dc5-8f03-e81dce2ac0ee','9279eead-2f3f-4784-a27e-d6840f04384c','2024-06-04 18:52:13'),('e3d5d919-0673-4dc5-8f03-e81dce2ac0ee','9279eead-2f3f-4784-a27e-d6840f04384c','2024-06-04 18:52:14'),('e3d5d919-0673-4dc5-8f03-e81dce2ac0ee','9279eead-2f3f-4784-a27e-d6840f04384c','2024-06-04 18:52:20'),('e3d5d919-0673-4dc5-8f03-e81dce2ac0ee','9279eead-2f3f-4784-a27e-d6840f04384c','2024-06-04 18:52:27'),('e3d5d919-0673-4dc5-8f03-e81dce2ac0ee','9279eead-2f3f-4784-a27e-d6840f04384c','2024-06-04 18:52:45'),('e3d5d919-0673-4dc5-8f03-e81dce2ac0ee','9279eead-2f3f-4784-a27e-d6840f04384c','2024-06-04 18:55:20'),('e3d5d919-0673-4dc5-8f03-e81dce2ac0ee','9279eead-2f3f-4784-a27e-d6840f04384c','2024-06-04 18:55:22'),('e3d5d919-0673-4dc5-8f03-e81dce2ac0ee','9279eead-2f3f-4784-a27e-d6840f04384c','2024-06-04 18:55:32'),('e3d5d919-0673-4dc5-8f03-e81dce2ac0ee','9279eead-2f3f-4784-a27e-d6840f04384c','2024-06-04 18:55:36'),('e3d5d919-0673-4dc5-8f03-e81dce2ac0ee','9279eead-2f3f-4784-a27e-d6840f04384c','2024-06-04 18:55:48'),('e3d5d919-0673-4dc5-8f03-e81dce2ac0ee','9279eead-2f3f-4784-a27e-d6840f04384c','2024-06-04 18:57:54'),('e3d5d919-0673-4dc5-8f03-e81dce2ac0ee','9279eead-2f3f-4784-a27e-d6840f04384c','2024-06-04 18:58:10'),('e3d5d919-0673-4dc5-8f03-e81dce2ac0ee','9279eead-2f3f-4784-a27e-d6840f04384c','2024-06-04 18:58:13'),('e3d5d919-0673-4dc5-8f03-e81dce2ac0ee','9279eead-2f3f-4784-a27e-d6840f04384c','2024-06-04 18:58:17'),('e3d5d919-0673-4dc5-8f03-e81dce2ac0ee','9279eead-2f3f-4784-a27e-d6840f04384c','2024-06-04 19:01:59'),('e3d5d919-0673-4dc5-8f03-e81dce2ac0ee','9279eead-2f3f-4784-a27e-d6840f04384c','2024-06-04 19:04:53'),('e3d5d919-0673-4dc5-8f03-e81dce2ac0ee','9279eead-2f3f-4784-a27e-d6840f04384c','2024-06-04 19:05:24'),('e3d5d919-0673-4dc5-8f03-e81dce2ac0ee','9279eead-2f3f-4784-a27e-d6840f04384c','2024-06-04 19:05:26'),('e3d5d919-0673-4dc5-8f03-e81dce2ac0ee','9279eead-2f3f-4784-a27e-d6840f04384c','2024-06-04 19:09:47'),('e3d5d919-0673-4dc5-8f03-e81dce2ac0ee','9279eead-2f3f-4784-a27e-d6840f04384c','2024-06-04 19:11:03'),('e3d5d919-0673-4dc5-8f03-e81dce2ac0ee','9279eead-2f3f-4784-a27e-d6840f04384c','2024-06-04 19:11:32'),('e3d5d919-0673-4dc5-8f03-e81dce2ac0ee','9279eead-2f3f-4784-a27e-d6840f04384c','2024-06-04 19:14:44'),('e3d5d919-0673-4dc5-8f03-e81dce2ac0ee','9279eead-2f3f-4784-a27e-d6840f04384c','2024-06-04 19:15:05'),('e3d5d919-0673-4dc5-8f03-e81dce2ac0ee','9279eead-2f3f-4784-a27e-d6840f04384c','2024-06-04 19:15:11'),('e3d5d919-0673-4dc5-8f03-e81dce2ac0ee','9279eead-2f3f-4784-a27e-d6840f04384c','2024-06-04 19:15:13'),('e3d5d919-0673-4dc5-8f03-e81dce2ac0ee','9279eead-2f3f-4784-a27e-d6840f04384c','2024-06-04 19:28:10'),('e3d5d919-0673-4dc5-8f03-e81dce2ac0ee','9279eead-2f3f-4784-a27e-d6840f04384c','2024-06-04 19:28:19'),('e3d5d919-0673-4dc5-8f03-e81dce2ac0ee','9279eead-2f3f-4784-a27e-d6840f04384c','2024-06-04 19:28:22'),('e3d5d919-0673-4dc5-8f03-e81dce2ac0ee','9279eead-2f3f-4784-a27e-d6840f04384c','2024-06-04 19:28:51'),('e3d5d919-0673-4dc5-8f03-e81dce2ac0ee','9279eead-2f3f-4784-a27e-d6840f04384c','2024-06-04 19:28:58'),('e3d5d919-0673-4dc5-8f03-e81dce2ac0ee','9279eead-2f3f-4784-a27e-d6840f04384c','2024-06-04 19:29:05'),('e3d5d919-0673-4dc5-8f03-e81dce2ac0ee','9279eead-2f3f-4784-a27e-d6840f04384c','2024-06-04 19:29:14'),('e3d5d919-0673-4dc5-8f03-e81dce2ac0ee','9279eead-2f3f-4784-a27e-d6840f04384c','2024-06-04 19:29:20'),('e3d5d919-0673-4dc5-8f03-e81dce2ac0ee','9279eead-2f3f-4784-a27e-d6840f04384c','2024-06-05 07:31:23'),('e3d5d919-0673-4dc5-8f03-e81dce2ac0ee','9279eead-2f3f-4784-a27e-d6840f04384c','2024-06-05 07:32:09'),('e3d5d919-0673-4dc5-8f03-e81dce2ac0ee','9279eead-2f3f-4784-a27e-d6840f04384c','2024-06-05 07:38:07'),('e3d5d919-0673-4dc5-8f03-e81dce2ac0ee','9279eead-2f3f-4784-a27e-d6840f04384c','2024-06-05 07:38:22'),('e3d5d919-0673-4dc5-8f03-e81dce2ac0ee','9279eead-2f3f-4784-a27e-d6840f04384c','2024-06-05 07:38:28'),('e3d5d919-0673-4dc5-8f03-e81dce2ac0ee','9279eead-2f3f-4784-a27e-d6840f04384c','2024-06-05 09:13:05'),('e3d5d919-0673-4dc5-8f03-e81dce2ac0ee','9279eead-2f3f-4784-a27e-d6840f04384c','2024-06-05 09:13:17'),('e3d5d919-0673-4dc5-8f03-e81dce2ac0ee','9279eead-2f3f-4784-a27e-d6840f04384c','2024-06-05 09:18:20'),('e3d5d919-0673-4dc5-8f03-e81dce2ac0ee','9279eead-2f3f-4784-a27e-d6840f04384c','2024-06-05 09:21:35'),('e3d5d919-0673-4dc5-8f03-e81dce2ac0ee','9279eead-2f3f-4784-a27e-d6840f04384c','2024-06-05 09:21:59'),('e3d5d919-0673-4dc5-8f03-e81dce2ac0ee','9279eead-2f3f-4784-a27e-d6840f04384c','2024-06-05 09:22:28'),('e3d5d919-0673-4dc5-8f03-e81dce2ac0ee','9279eead-2f3f-4784-a27e-d6840f04384c','2024-06-05 10:19:46'),('bd6b6989-6c7f-4ae3-ae8a-f156b8694cba','9bef92d8-ef01-4628-9cd0-75c1e71d8a53','2024-06-06 07:41:30'),('bd6b6989-6c7f-4ae3-ae8a-f156b8694cba','9bef92d8-ef01-4628-9cd0-75c1e71d8a53','2024-06-06 07:48:34'),('bd6b6989-6c7f-4ae3-ae8a-f156b8694cba','9bef92d8-ef01-4628-9cd0-75c1e71d8a53','2024-06-08 08:54:06'),('bd6b6989-6c7f-4ae3-ae8a-f156b8694cba','9bef92d8-ef01-4628-9cd0-75c1e71d8a53','2024-06-10 10:30:17'),('e3d5d919-0673-4dc5-8f03-e81dce2ac0ee','9bef92d8-ef01-4628-9cd0-75c1e71d8a53','2024-06-04 18:34:44'),('e3d5d919-0673-4dc5-8f03-e81dce2ac0ee','9bef92d8-ef01-4628-9cd0-75c1e71d8a53','2024-06-04 18:35:09'),('e3d5d919-0673-4dc5-8f03-e81dce2ac0ee','9bef92d8-ef01-4628-9cd0-75c1e71d8a53','2024-06-04 18:35:22'),('e3d5d919-0673-4dc5-8f03-e81dce2ac0ee','9bef92d8-ef01-4628-9cd0-75c1e71d8a53','2024-06-04 18:38:48'),('e3d5d919-0673-4dc5-8f03-e81dce2ac0ee','9bef92d8-ef01-4628-9cd0-75c1e71d8a53','2024-06-04 18:38:54'),('e3d5d919-0673-4dc5-8f03-e81dce2ac0ee','9bef92d8-ef01-4628-9cd0-75c1e71d8a53','2024-06-04 18:42:15'),('e3d5d919-0673-4dc5-8f03-e81dce2ac0ee','9bef92d8-ef01-4628-9cd0-75c1e71d8a53','2024-06-04 18:42:22'),('e3d5d919-0673-4dc5-8f03-e81dce2ac0ee','9bef92d8-ef01-4628-9cd0-75c1e71d8a53','2024-06-04 18:42:25'),('e3d5d919-0673-4dc5-8f03-e81dce2ac0ee','9bef92d8-ef01-4628-9cd0-75c1e71d8a53','2024-06-04 18:46:58'),('e3d5d919-0673-4dc5-8f03-e81dce2ac0ee','9bef92d8-ef01-4628-9cd0-75c1e71d8a53','2024-06-04 18:51:56'),('e3d5d919-0673-4dc5-8f03-e81dce2ac0ee','9bef92d8-ef01-4628-9cd0-75c1e71d8a53','2024-06-04 18:52:10'),('e3d5d919-0673-4dc5-8f03-e81dce2ac0ee','9bef92d8-ef01-4628-9cd0-75c1e71d8a53','2024-06-04 18:52:11'),('e3d5d919-0673-4dc5-8f03-e81dce2ac0ee','9bef92d8-ef01-4628-9cd0-75c1e71d8a53','2024-06-04 18:52:12'),('e3d5d919-0673-4dc5-8f03-e81dce2ac0ee','9bef92d8-ef01-4628-9cd0-75c1e71d8a53','2024-06-04 18:54:50'),('e3d5d919-0673-4dc5-8f03-e81dce2ac0ee','9bef92d8-ef01-4628-9cd0-75c1e71d8a53','2024-06-04 18:55:05'),('e3d5d919-0673-4dc5-8f03-e81dce2ac0ee','9bef92d8-ef01-4628-9cd0-75c1e71d8a53','2024-06-04 18:55:35'),('e3d5d919-0673-4dc5-8f03-e81dce2ac0ee','9bef92d8-ef01-4628-9cd0-75c1e71d8a53','2024-06-04 18:55:47'),('e3d5d919-0673-4dc5-8f03-e81dce2ac0ee','9bef92d8-ef01-4628-9cd0-75c1e71d8a53','2024-06-04 18:57:29'),('e3d5d919-0673-4dc5-8f03-e81dce2ac0ee','9bef92d8-ef01-4628-9cd0-75c1e71d8a53','2024-06-04 18:57:34'),('e3d5d919-0673-4dc5-8f03-e81dce2ac0ee','9bef92d8-ef01-4628-9cd0-75c1e71d8a53','2024-06-04 18:57:38'),('e3d5d919-0673-4dc5-8f03-e81dce2ac0ee','9bef92d8-ef01-4628-9cd0-75c1e71d8a53','2024-06-04 18:58:11'),('e3d5d919-0673-4dc5-8f03-e81dce2ac0ee','9bef92d8-ef01-4628-9cd0-75c1e71d8a53','2024-06-04 18:58:21'),('e3d5d919-0673-4dc5-8f03-e81dce2ac0ee','9bef92d8-ef01-4628-9cd0-75c1e71d8a53','2024-06-04 18:59:31'),('e3d5d919-0673-4dc5-8f03-e81dce2ac0ee','9bef92d8-ef01-4628-9cd0-75c1e71d8a53','2024-06-04 18:59:34'),('e3d5d919-0673-4dc5-8f03-e81dce2ac0ee','9bef92d8-ef01-4628-9cd0-75c1e71d8a53','2024-06-04 19:01:38'),('e3d5d919-0673-4dc5-8f03-e81dce2ac0ee','9bef92d8-ef01-4628-9cd0-75c1e71d8a53','2024-06-04 19:01:41'),('e3d5d919-0673-4dc5-8f03-e81dce2ac0ee','9bef92d8-ef01-4628-9cd0-75c1e71d8a53','2024-06-04 19:04:46'),('e3d5d919-0673-4dc5-8f03-e81dce2ac0ee','9bef92d8-ef01-4628-9cd0-75c1e71d8a53','2024-06-04 19:04:49'),('e3d5d919-0673-4dc5-8f03-e81dce2ac0ee','9bef92d8-ef01-4628-9cd0-75c1e71d8a53','2024-06-04 19:05:05'),('e3d5d919-0673-4dc5-8f03-e81dce2ac0ee','9bef92d8-ef01-4628-9cd0-75c1e71d8a53','2024-06-04 19:05:25'),('e3d5d919-0673-4dc5-8f03-e81dce2ac0ee','9bef92d8-ef01-4628-9cd0-75c1e71d8a53','2024-06-04 19:08:44'),('e3d5d919-0673-4dc5-8f03-e81dce2ac0ee','9bef92d8-ef01-4628-9cd0-75c1e71d8a53','2024-06-04 19:08:52'),('e3d5d919-0673-4dc5-8f03-e81dce2ac0ee','9bef92d8-ef01-4628-9cd0-75c1e71d8a53','2024-06-04 19:09:03'),('e3d5d919-0673-4dc5-8f03-e81dce2ac0ee','9bef92d8-ef01-4628-9cd0-75c1e71d8a53','2024-06-04 19:10:56'),('e3d5d919-0673-4dc5-8f03-e81dce2ac0ee','9bef92d8-ef01-4628-9cd0-75c1e71d8a53','2024-06-04 19:10:58'),('e3d5d919-0673-4dc5-8f03-e81dce2ac0ee','9bef92d8-ef01-4628-9cd0-75c1e71d8a53','2024-06-04 19:11:23'),('e3d5d919-0673-4dc5-8f03-e81dce2ac0ee','9bef92d8-ef01-4628-9cd0-75c1e71d8a53','2024-06-04 19:14:33'),('e3d5d919-0673-4dc5-8f03-e81dce2ac0ee','9bef92d8-ef01-4628-9cd0-75c1e71d8a53','2024-06-04 19:14:38'),('e3d5d919-0673-4dc5-8f03-e81dce2ac0ee','9bef92d8-ef01-4628-9cd0-75c1e71d8a53','2024-06-04 19:27:46'),('e3d5d919-0673-4dc5-8f03-e81dce2ac0ee','9bef92d8-ef01-4628-9cd0-75c1e71d8a53','2024-06-04 19:27:52'),('e3d5d919-0673-4dc5-8f03-e81dce2ac0ee','9bef92d8-ef01-4628-9cd0-75c1e71d8a53','2024-06-04 19:28:08'),('e3d5d919-0673-4dc5-8f03-e81dce2ac0ee','9bef92d8-ef01-4628-9cd0-75c1e71d8a53','2024-06-04 19:28:21'),('e3d5d919-0673-4dc5-8f03-e81dce2ac0ee','9bef92d8-ef01-4628-9cd0-75c1e71d8a53','2024-06-04 19:28:35'),('e3d5d919-0673-4dc5-8f03-e81dce2ac0ee','9bef92d8-ef01-4628-9cd0-75c1e71d8a53','2024-06-04 19:28:39'),('e3d5d919-0673-4dc5-8f03-e81dce2ac0ee','9bef92d8-ef01-4628-9cd0-75c1e71d8a53','2024-06-04 19:28:41'),('e3d5d919-0673-4dc5-8f03-e81dce2ac0ee','9bef92d8-ef01-4628-9cd0-75c1e71d8a53','2024-06-04 19:28:44'),('e3d5d919-0673-4dc5-8f03-e81dce2ac0ee','9bef92d8-ef01-4628-9cd0-75c1e71d8a53','2024-06-04 19:28:57'),('e3d5d919-0673-4dc5-8f03-e81dce2ac0ee','9bef92d8-ef01-4628-9cd0-75c1e71d8a53','2024-06-04 19:29:09'),('e3d5d919-0673-4dc5-8f03-e81dce2ac0ee','9bef92d8-ef01-4628-9cd0-75c1e71d8a53','2024-06-04 19:34:40'),('e3d5d919-0673-4dc5-8f03-e81dce2ac0ee','9bef92d8-ef01-4628-9cd0-75c1e71d8a53','2024-06-04 19:36:00'),('e3d5d919-0673-4dc5-8f03-e81dce2ac0ee','9bef92d8-ef01-4628-9cd0-75c1e71d8a53','2024-06-04 19:36:08'),('e3d5d919-0673-4dc5-8f03-e81dce2ac0ee','9bef92d8-ef01-4628-9cd0-75c1e71d8a53','2024-06-04 19:41:37'),('e3d5d919-0673-4dc5-8f03-e81dce2ac0ee','9bef92d8-ef01-4628-9cd0-75c1e71d8a53','2024-06-04 19:42:13'),('e3d5d919-0673-4dc5-8f03-e81dce2ac0ee','9bef92d8-ef01-4628-9cd0-75c1e71d8a53','2024-06-04 19:43:09'),('e3d5d919-0673-4dc5-8f03-e81dce2ac0ee','9bef92d8-ef01-4628-9cd0-75c1e71d8a53','2024-06-04 19:43:49'),('e3d5d919-0673-4dc5-8f03-e81dce2ac0ee','9bef92d8-ef01-4628-9cd0-75c1e71d8a53','2024-06-05 06:59:43'),('e3d5d919-0673-4dc5-8f03-e81dce2ac0ee','9bef92d8-ef01-4628-9cd0-75c1e71d8a53','2024-06-05 07:07:19'),('e3d5d919-0673-4dc5-8f03-e81dce2ac0ee','9bef92d8-ef01-4628-9cd0-75c1e71d8a53','2024-06-05 07:07:21'),('e3d5d919-0673-4dc5-8f03-e81dce2ac0ee','9bef92d8-ef01-4628-9cd0-75c1e71d8a53','2024-06-05 07:30:39'),('e3d5d919-0673-4dc5-8f03-e81dce2ac0ee','9bef92d8-ef01-4628-9cd0-75c1e71d8a53','2024-06-05 07:31:02'),('e3d5d919-0673-4dc5-8f03-e81dce2ac0ee','9bef92d8-ef01-4628-9cd0-75c1e71d8a53','2024-06-05 07:33:49'),('e3d5d919-0673-4dc5-8f03-e81dce2ac0ee','9bef92d8-ef01-4628-9cd0-75c1e71d8a53','2024-06-05 07:33:54'),('e3d5d919-0673-4dc5-8f03-e81dce2ac0ee','9bef92d8-ef01-4628-9cd0-75c1e71d8a53','2024-06-05 07:34:01'),('e3d5d919-0673-4dc5-8f03-e81dce2ac0ee','9bef92d8-ef01-4628-9cd0-75c1e71d8a53','2024-06-05 07:35:26'),('e3d5d919-0673-4dc5-8f03-e81dce2ac0ee','9bef92d8-ef01-4628-9cd0-75c1e71d8a53','2024-06-05 07:35:28'),('e3d5d919-0673-4dc5-8f03-e81dce2ac0ee','9bef92d8-ef01-4628-9cd0-75c1e71d8a53','2024-06-05 07:35:40'),('e3d5d919-0673-4dc5-8f03-e81dce2ac0ee','9bef92d8-ef01-4628-9cd0-75c1e71d8a53','2024-06-05 07:37:02'),('e3d5d919-0673-4dc5-8f03-e81dce2ac0ee','9bef92d8-ef01-4628-9cd0-75c1e71d8a53','2024-06-05 07:37:10'),('e3d5d919-0673-4dc5-8f03-e81dce2ac0ee','9bef92d8-ef01-4628-9cd0-75c1e71d8a53','2024-06-05 07:37:53'),('e3d5d919-0673-4dc5-8f03-e81dce2ac0ee','9bef92d8-ef01-4628-9cd0-75c1e71d8a53','2024-06-05 07:38:18'),('e3d5d919-0673-4dc5-8f03-e81dce2ac0ee','9bef92d8-ef01-4628-9cd0-75c1e71d8a53','2024-06-05 07:38:32'),('e3d5d919-0673-4dc5-8f03-e81dce2ac0ee','9bef92d8-ef01-4628-9cd0-75c1e71d8a53','2024-06-05 07:42:40'),('e3d5d919-0673-4dc5-8f03-e81dce2ac0ee','9bef92d8-ef01-4628-9cd0-75c1e71d8a53','2024-06-05 07:48:35'),('e3d5d919-0673-4dc5-8f03-e81dce2ac0ee','9bef92d8-ef01-4628-9cd0-75c1e71d8a53','2024-06-05 07:48:42'),('e3d5d919-0673-4dc5-8f03-e81dce2ac0ee','9bef92d8-ef01-4628-9cd0-75c1e71d8a53','2024-06-05 07:48:53'),('e3d5d919-0673-4dc5-8f03-e81dce2ac0ee','9bef92d8-ef01-4628-9cd0-75c1e71d8a53','2024-06-05 09:12:20'),('e3d5d919-0673-4dc5-8f03-e81dce2ac0ee','9bef92d8-ef01-4628-9cd0-75c1e71d8a53','2024-06-05 09:12:29'),('e3d5d919-0673-4dc5-8f03-e81dce2ac0ee','9bef92d8-ef01-4628-9cd0-75c1e71d8a53','2024-06-05 09:12:32'),('e3d5d919-0673-4dc5-8f03-e81dce2ac0ee','9bef92d8-ef01-4628-9cd0-75c1e71d8a53','2024-06-05 09:12:47'),('e3d5d919-0673-4dc5-8f03-e81dce2ac0ee','9bef92d8-ef01-4628-9cd0-75c1e71d8a53','2024-06-05 09:13:08'),('e3d5d919-0673-4dc5-8f03-e81dce2ac0ee','9bef92d8-ef01-4628-9cd0-75c1e71d8a53','2024-06-05 09:13:22'),('e3d5d919-0673-4dc5-8f03-e81dce2ac0ee','9bef92d8-ef01-4628-9cd0-75c1e71d8a53','2024-06-05 09:13:24'),('e3d5d919-0673-4dc5-8f03-e81dce2ac0ee','9bef92d8-ef01-4628-9cd0-75c1e71d8a53','2024-06-05 09:13:25'),('e3d5d919-0673-4dc5-8f03-e81dce2ac0ee','9bef92d8-ef01-4628-9cd0-75c1e71d8a53','2024-06-05 09:13:27'),('e3d5d919-0673-4dc5-8f03-e81dce2ac0ee','9bef92d8-ef01-4628-9cd0-75c1e71d8a53','2024-06-05 09:13:30'),('e3d5d919-0673-4dc5-8f03-e81dce2ac0ee','9bef92d8-ef01-4628-9cd0-75c1e71d8a53','2024-06-05 09:13:32'),('e3d5d919-0673-4dc5-8f03-e81dce2ac0ee','9bef92d8-ef01-4628-9cd0-75c1e71d8a53','2024-06-05 09:13:34'),('e3d5d919-0673-4dc5-8f03-e81dce2ac0ee','9bef92d8-ef01-4628-9cd0-75c1e71d8a53','2024-06-05 09:13:35'),('e3d5d919-0673-4dc5-8f03-e81dce2ac0ee','9bef92d8-ef01-4628-9cd0-75c1e71d8a53','2024-06-05 09:14:48'),('e3d5d919-0673-4dc5-8f03-e81dce2ac0ee','9bef92d8-ef01-4628-9cd0-75c1e71d8a53','2024-06-05 09:17:40'),('e3d5d919-0673-4dc5-8f03-e81dce2ac0ee','9bef92d8-ef01-4628-9cd0-75c1e71d8a53','2024-06-05 09:17:49'),('e3d5d919-0673-4dc5-8f03-e81dce2ac0ee','9bef92d8-ef01-4628-9cd0-75c1e71d8a53','2024-06-05 09:18:17'),('e3d5d919-0673-4dc5-8f03-e81dce2ac0ee','9bef92d8-ef01-4628-9cd0-75c1e71d8a53','2024-06-05 09:18:30'),('e3d5d919-0673-4dc5-8f03-e81dce2ac0ee','9bef92d8-ef01-4628-9cd0-75c1e71d8a53','2024-06-05 09:19:27'),('e3d5d919-0673-4dc5-8f03-e81dce2ac0ee','9bef92d8-ef01-4628-9cd0-75c1e71d8a53','2024-06-05 09:21:21'),('e3d5d919-0673-4dc5-8f03-e81dce2ac0ee','9bef92d8-ef01-4628-9cd0-75c1e71d8a53','2024-06-05 09:21:55'),('e3d5d919-0673-4dc5-8f03-e81dce2ac0ee','9bef92d8-ef01-4628-9cd0-75c1e71d8a53','2024-06-05 09:22:06'),('e3d5d919-0673-4dc5-8f03-e81dce2ac0ee','9bef92d8-ef01-4628-9cd0-75c1e71d8a53','2024-06-05 09:22:24'),('e3d5d919-0673-4dc5-8f03-e81dce2ac0ee','9bef92d8-ef01-4628-9cd0-75c1e71d8a53','2024-06-05 09:22:41'),('e3d5d919-0673-4dc5-8f03-e81dce2ac0ee','9bef92d8-ef01-4628-9cd0-75c1e71d8a53','2024-06-05 09:48:54'),('bd6b6989-6c7f-4ae3-ae8a-f156b8694cba','b3096212-fc5e-42c1-a43d-f33958de8127','2024-06-06 11:22:21'),('bd6b6989-6c7f-4ae3-ae8a-f156b8694cba','b3096212-fc5e-42c1-a43d-f33958de8127','2024-06-07 09:05:17'),('bd6b6989-6c7f-4ae3-ae8a-f156b8694cba','b3096212-fc5e-42c1-a43d-f33958de8127','2024-06-10 10:01:33'),('bd6b6989-6c7f-4ae3-ae8a-f156b8694cba','b3096212-fc5e-42c1-a43d-f33958de8127','2024-06-10 10:04:28'),('bd6b6989-6c7f-4ae3-ae8a-f156b8694cba','b8167d65-107a-4972-8ce6-34147ccf4df8','2024-06-05 15:39:55'),('bd6b6989-6c7f-4ae3-ae8a-f156b8694cba','b8167d65-107a-4972-8ce6-34147ccf4df8','2024-06-05 16:00:43'),('bd6b6989-6c7f-4ae3-ae8a-f156b8694cba','b8167d65-107a-4972-8ce6-34147ccf4df8','2024-06-06 07:50:01'),('bd6b6989-6c7f-4ae3-ae8a-f156b8694cba','b8167d65-107a-4972-8ce6-34147ccf4df8','2024-06-06 08:16:29'),('bd6b6989-6c7f-4ae3-ae8a-f156b8694cba','b8167d65-107a-4972-8ce6-34147ccf4df8','2024-06-06 14:10:00'),('bd6b6989-6c7f-4ae3-ae8a-f156b8694cba','b8167d65-107a-4972-8ce6-34147ccf4df8','2024-06-06 14:31:57'),('bd6b6989-6c7f-4ae3-ae8a-f156b8694cba','b8167d65-107a-4972-8ce6-34147ccf4df8','2024-06-06 16:39:57'),('bd6b6989-6c7f-4ae3-ae8a-f156b8694cba','b8167d65-107a-4972-8ce6-34147ccf4df8','2024-06-07 07:59:56'),('bd6b6989-6c7f-4ae3-ae8a-f156b8694cba','b8167d65-107a-4972-8ce6-34147ccf4df8','2024-06-07 08:24:47'),('bd6b6989-6c7f-4ae3-ae8a-f156b8694cba','b8167d65-107a-4972-8ce6-34147ccf4df8','2024-06-07 09:08:02'),('bd6b6989-6c7f-4ae3-ae8a-f156b8694cba','b8167d65-107a-4972-8ce6-34147ccf4df8','2024-06-07 09:08:17'),('bd6b6989-6c7f-4ae3-ae8a-f156b8694cba','b8167d65-107a-4972-8ce6-34147ccf4df8','2024-06-07 17:08:53'),('bd6b6989-6c7f-4ae3-ae8a-f156b8694cba','b8167d65-107a-4972-8ce6-34147ccf4df8','2024-06-07 17:11:09'),('bd6b6989-6c7f-4ae3-ae8a-f156b8694cba','b8167d65-107a-4972-8ce6-34147ccf4df8','2024-06-08 09:42:19'),('bd6b6989-6c7f-4ae3-ae8a-f156b8694cba','b8167d65-107a-4972-8ce6-34147ccf4df8','2024-06-08 09:45:08'),('bd6b6989-6c7f-4ae3-ae8a-f156b8694cba','b8167d65-107a-4972-8ce6-34147ccf4df8','2024-06-08 18:46:40'),('bd6b6989-6c7f-4ae3-ae8a-f156b8694cba','b8167d65-107a-4972-8ce6-34147ccf4df8','2024-06-08 18:49:24'),('bd6b6989-6c7f-4ae3-ae8a-f156b8694cba','b8167d65-107a-4972-8ce6-34147ccf4df8','2024-06-10 10:30:28'),('bd6b6989-6c7f-4ae3-ae8a-f156b8694cba','b8167d65-107a-4972-8ce6-34147ccf4df8','2024-06-10 18:53:42'),('e3d5d919-0673-4dc5-8f03-e81dce2ac0ee','b8167d65-107a-4972-8ce6-34147ccf4df8','2024-06-05 10:27:14'),('e3d5d919-0673-4dc5-8f03-e81dce2ac0ee','b8167d65-107a-4972-8ce6-34147ccf4df8','2024-06-05 10:36:11'),('e3d5d919-0673-4dc5-8f03-e81dce2ac0ee','b8167d65-107a-4972-8ce6-34147ccf4df8','2024-06-05 11:58:10'),('e3d5d919-0673-4dc5-8f03-e81dce2ac0ee','b8167d65-107a-4972-8ce6-34147ccf4df8','2024-06-05 13:28:37'),('e3d5d919-0673-4dc5-8f03-e81dce2ac0ee','b8167d65-107a-4972-8ce6-34147ccf4df8','2024-06-05 13:47:29'),('e3d5d919-0673-4dc5-8f03-e81dce2ac0ee','b8167d65-107a-4972-8ce6-34147ccf4df8','2024-06-05 14:18:25'),('bd6b6989-6c7f-4ae3-ae8a-f156b8694cba','c20b1e79-c9a1-4f2f-b772-4922d918b9af','2024-06-08 08:56:44'),('bd6b6989-6c7f-4ae3-ae8a-f156b8694cba','c20b1e79-c9a1-4f2f-b772-4922d918b9af','2024-06-10 10:03:03'),('e3d5d919-0673-4dc5-8f03-e81dce2ac0ee','c20b1e79-c9a1-4f2f-b772-4922d918b9af','2024-06-04 18:35:29'),('e3d5d919-0673-4dc5-8f03-e81dce2ac0ee','c20b1e79-c9a1-4f2f-b772-4922d918b9af','2024-06-04 18:47:11'),('e3d5d919-0673-4dc5-8f03-e81dce2ac0ee','c20b1e79-c9a1-4f2f-b772-4922d918b9af','2024-06-04 18:47:15'),('e3d5d919-0673-4dc5-8f03-e81dce2ac0ee','c20b1e79-c9a1-4f2f-b772-4922d918b9af','2024-06-04 18:47:24'),('e3d5d919-0673-4dc5-8f03-e81dce2ac0ee','c20b1e79-c9a1-4f2f-b772-4922d918b9af','2024-06-04 18:52:41'),('e3d5d919-0673-4dc5-8f03-e81dce2ac0ee','c20b1e79-c9a1-4f2f-b772-4922d918b9af','2024-06-04 18:55:30'),('e3d5d919-0673-4dc5-8f03-e81dce2ac0ee','c20b1e79-c9a1-4f2f-b772-4922d918b9af','2024-06-04 18:55:41'),('e3d5d919-0673-4dc5-8f03-e81dce2ac0ee','c20b1e79-c9a1-4f2f-b772-4922d918b9af','2024-06-04 18:55:53'),('e3d5d919-0673-4dc5-8f03-e81dce2ac0ee','c20b1e79-c9a1-4f2f-b772-4922d918b9af','2024-06-04 18:57:59'),('e3d5d919-0673-4dc5-8f03-e81dce2ac0ee','c20b1e79-c9a1-4f2f-b772-4922d918b9af','2024-06-04 18:58:02'),('e3d5d919-0673-4dc5-8f03-e81dce2ac0ee','c20b1e79-c9a1-4f2f-b772-4922d918b9af','2024-06-04 18:58:04'),('e3d5d919-0673-4dc5-8f03-e81dce2ac0ee','c20b1e79-c9a1-4f2f-b772-4922d918b9af','2024-06-04 18:58:05'),('e3d5d919-0673-4dc5-8f03-e81dce2ac0ee','c20b1e79-c9a1-4f2f-b772-4922d918b9af','2024-06-04 18:58:22'),('e3d5d919-0673-4dc5-8f03-e81dce2ac0ee','c20b1e79-c9a1-4f2f-b772-4922d918b9af','2024-06-04 19:02:05'),('e3d5d919-0673-4dc5-8f03-e81dce2ac0ee','c20b1e79-c9a1-4f2f-b772-4922d918b9af','2024-06-04 19:05:00'),('e3d5d919-0673-4dc5-8f03-e81dce2ac0ee','c20b1e79-c9a1-4f2f-b772-4922d918b9af','2024-06-04 19:05:07'),('e3d5d919-0673-4dc5-8f03-e81dce2ac0ee','c20b1e79-c9a1-4f2f-b772-4922d918b9af','2024-06-04 19:05:09'),('e3d5d919-0673-4dc5-8f03-e81dce2ac0ee','c20b1e79-c9a1-4f2f-b772-4922d918b9af','2024-06-04 19:05:10'),('e3d5d919-0673-4dc5-8f03-e81dce2ac0ee','c20b1e79-c9a1-4f2f-b772-4922d918b9af','2024-06-04 19:05:11'),('e3d5d919-0673-4dc5-8f03-e81dce2ac0ee','c20b1e79-c9a1-4f2f-b772-4922d918b9af','2024-06-04 19:05:14'),('e3d5d919-0673-4dc5-8f03-e81dce2ac0ee','c20b1e79-c9a1-4f2f-b772-4922d918b9af','2024-06-04 19:05:18'),('e3d5d919-0673-4dc5-8f03-e81dce2ac0ee','c20b1e79-c9a1-4f2f-b772-4922d918b9af','2024-06-04 19:05:20'),('e3d5d919-0673-4dc5-8f03-e81dce2ac0ee','c20b1e79-c9a1-4f2f-b772-4922d918b9af','2024-06-04 19:05:32'),('e3d5d919-0673-4dc5-8f03-e81dce2ac0ee','c20b1e79-c9a1-4f2f-b772-4922d918b9af','2024-06-04 19:05:38'),('e3d5d919-0673-4dc5-8f03-e81dce2ac0ee','c20b1e79-c9a1-4f2f-b772-4922d918b9af','2024-06-04 19:09:49'),('e3d5d919-0673-4dc5-8f03-e81dce2ac0ee','c20b1e79-c9a1-4f2f-b772-4922d918b9af','2024-06-04 19:11:15'),('e3d5d919-0673-4dc5-8f03-e81dce2ac0ee','c20b1e79-c9a1-4f2f-b772-4922d918b9af','2024-06-04 19:11:40'),('e3d5d919-0673-4dc5-8f03-e81dce2ac0ee','c20b1e79-c9a1-4f2f-b772-4922d918b9af','2024-06-04 19:14:55'),('e3d5d919-0673-4dc5-8f03-e81dce2ac0ee','c20b1e79-c9a1-4f2f-b772-4922d918b9af','2024-06-04 19:15:09'),('e3d5d919-0673-4dc5-8f03-e81dce2ac0ee','c20b1e79-c9a1-4f2f-b772-4922d918b9af','2024-06-04 19:15:16'),('e3d5d919-0673-4dc5-8f03-e81dce2ac0ee','c20b1e79-c9a1-4f2f-b772-4922d918b9af','2024-06-04 19:28:04'),('e3d5d919-0673-4dc5-8f03-e81dce2ac0ee','c20b1e79-c9a1-4f2f-b772-4922d918b9af','2024-06-04 19:28:27'),('e3d5d919-0673-4dc5-8f03-e81dce2ac0ee','c20b1e79-c9a1-4f2f-b772-4922d918b9af','2024-06-04 19:28:48'),('e3d5d919-0673-4dc5-8f03-e81dce2ac0ee','c20b1e79-c9a1-4f2f-b772-4922d918b9af','2024-06-04 19:28:53'),('e3d5d919-0673-4dc5-8f03-e81dce2ac0ee','c20b1e79-c9a1-4f2f-b772-4922d918b9af','2024-06-04 19:29:03'),('e3d5d919-0673-4dc5-8f03-e81dce2ac0ee','c20b1e79-c9a1-4f2f-b772-4922d918b9af','2024-06-05 07:37:28'),('e3d5d919-0673-4dc5-8f03-e81dce2ac0ee','c20b1e79-c9a1-4f2f-b772-4922d918b9af','2024-06-05 07:38:30'),('e3d5d919-0673-4dc5-8f03-e81dce2ac0ee','c20b1e79-c9a1-4f2f-b772-4922d918b9af','2024-06-05 09:22:37'),('e3d5d919-0673-4dc5-8f03-e81dce2ac0ee','c20b1e79-c9a1-4f2f-b772-4922d918b9af','2024-06-05 09:23:10'),('e3d5d919-0673-4dc5-8f03-e81dce2ac0ee','c20b1e79-c9a1-4f2f-b772-4922d918b9af','2024-06-05 10:34:22'),('e3d5d919-0673-4dc5-8f03-e81dce2ac0ee','c20b1e79-c9a1-4f2f-b772-4922d918b9af','2024-06-05 14:17:53'),('bd6b6989-6c7f-4ae3-ae8a-f156b8694cba','c42ee98d-b18f-4084-943f-58371863588c','2024-06-06 07:47:58'),('bd6b6989-6c7f-4ae3-ae8a-f156b8694cba','c42ee98d-b18f-4084-943f-58371863588c','2024-06-06 08:14:33'),('bd6b6989-6c7f-4ae3-ae8a-f156b8694cba','c42ee98d-b18f-4084-943f-58371863588c','2024-06-07 09:07:50'),('bd6b6989-6c7f-4ae3-ae8a-f156b8694cba','c42ee98d-b18f-4084-943f-58371863588c','2024-06-07 15:04:14'),('bd6b6989-6c7f-4ae3-ae8a-f156b8694cba','c42ee98d-b18f-4084-943f-58371863588c','2024-06-07 16:57:00'),('bd6b6989-6c7f-4ae3-ae8a-f156b8694cba','c42ee98d-b18f-4084-943f-58371863588c','2024-06-10 10:34:20'),('bd6b6989-6c7f-4ae3-ae8a-f156b8694cba','c42ee98d-b18f-4084-943f-58371863588c','2024-06-10 11:04:24'),('bd6b6989-6c7f-4ae3-ae8a-f156b8694cba','c42ee98d-b18f-4084-943f-58371863588c','2024-06-10 11:05:04'),('bd6b6989-6c7f-4ae3-ae8a-f156b8694cba','c42ee98d-b18f-4084-943f-58371863588c','2024-06-10 19:54:11'),('bd6b6989-6c7f-4ae3-ae8a-f156b8694cba','c42ee98d-b18f-4084-943f-58371863588c','2024-06-11 17:50:50'),('e3d5d919-0673-4dc5-8f03-e81dce2ac0ee','c42ee98d-b18f-4084-943f-58371863588c','2024-06-04 18:35:33'),('e3d5d919-0673-4dc5-8f03-e81dce2ac0ee','c42ee98d-b18f-4084-943f-58371863588c','2024-06-04 18:38:57'),('e3d5d919-0673-4dc5-8f03-e81dce2ac0ee','c42ee98d-b18f-4084-943f-58371863588c','2024-06-04 18:47:07'),('e3d5d919-0673-4dc5-8f03-e81dce2ac0ee','c42ee98d-b18f-4084-943f-58371863588c','2024-06-04 18:52:16'),('e3d5d919-0673-4dc5-8f03-e81dce2ac0ee','c42ee98d-b18f-4084-943f-58371863588c','2024-06-04 18:52:17'),('e3d5d919-0673-4dc5-8f03-e81dce2ac0ee','c42ee98d-b18f-4084-943f-58371863588c','2024-06-04 18:52:28'),('e3d5d919-0673-4dc5-8f03-e81dce2ac0ee','c42ee98d-b18f-4084-943f-58371863588c','2024-06-04 18:52:44'),('e3d5d919-0673-4dc5-8f03-e81dce2ac0ee','c42ee98d-b18f-4084-943f-58371863588c','2024-06-04 18:55:21'),('e3d5d919-0673-4dc5-8f03-e81dce2ac0ee','c42ee98d-b18f-4084-943f-58371863588c','2024-06-04 18:55:22'),('e3d5d919-0673-4dc5-8f03-e81dce2ac0ee','c42ee98d-b18f-4084-943f-58371863588c','2024-06-04 18:55:32'),('e3d5d919-0673-4dc5-8f03-e81dce2ac0ee','c42ee98d-b18f-4084-943f-58371863588c','2024-06-04 18:55:48'),('e3d5d919-0673-4dc5-8f03-e81dce2ac0ee','c42ee98d-b18f-4084-943f-58371863588c','2024-06-04 18:58:08'),('e3d5d919-0673-4dc5-8f03-e81dce2ac0ee','c42ee98d-b18f-4084-943f-58371863588c','2024-06-04 18:58:14'),('e3d5d919-0673-4dc5-8f03-e81dce2ac0ee','c42ee98d-b18f-4084-943f-58371863588c','2024-06-04 18:58:16'),('e3d5d919-0673-4dc5-8f03-e81dce2ac0ee','c42ee98d-b18f-4084-943f-58371863588c','2024-06-04 19:02:03'),('e3d5d919-0673-4dc5-8f03-e81dce2ac0ee','c42ee98d-b18f-4084-943f-58371863588c','2024-06-04 19:05:22'),('e3d5d919-0673-4dc5-8f03-e81dce2ac0ee','c42ee98d-b18f-4084-943f-58371863588c','2024-06-04 19:05:44'),('e3d5d919-0673-4dc5-8f03-e81dce2ac0ee','c42ee98d-b18f-4084-943f-58371863588c','2024-06-04 19:09:14'),('e3d5d919-0673-4dc5-8f03-e81dce2ac0ee','c42ee98d-b18f-4084-943f-58371863588c','2024-06-04 19:11:04'),('e3d5d919-0673-4dc5-8f03-e81dce2ac0ee','c42ee98d-b18f-4084-943f-58371863588c','2024-06-04 19:11:34'),('e3d5d919-0673-4dc5-8f03-e81dce2ac0ee','c42ee98d-b18f-4084-943f-58371863588c','2024-06-04 19:14:45'),('e3d5d919-0673-4dc5-8f03-e81dce2ac0ee','c42ee98d-b18f-4084-943f-58371863588c','2024-06-04 19:15:08'),('e3d5d919-0673-4dc5-8f03-e81dce2ac0ee','c42ee98d-b18f-4084-943f-58371863588c','2024-06-04 19:27:58'),('e3d5d919-0673-4dc5-8f03-e81dce2ac0ee','c42ee98d-b18f-4084-943f-58371863588c','2024-06-04 19:28:17'),('e3d5d919-0673-4dc5-8f03-e81dce2ac0ee','c42ee98d-b18f-4084-943f-58371863588c','2024-06-04 19:28:23'),('e3d5d919-0673-4dc5-8f03-e81dce2ac0ee','c42ee98d-b18f-4084-943f-58371863588c','2024-06-04 19:28:55'),('e3d5d919-0673-4dc5-8f03-e81dce2ac0ee','c42ee98d-b18f-4084-943f-58371863588c','2024-06-04 19:29:05'),('e3d5d919-0673-4dc5-8f03-e81dce2ac0ee','c42ee98d-b18f-4084-943f-58371863588c','2024-06-05 07:00:11'),('e3d5d919-0673-4dc5-8f03-e81dce2ac0ee','c42ee98d-b18f-4084-943f-58371863588c','2024-06-05 07:31:41'),('e3d5d919-0673-4dc5-8f03-e81dce2ac0ee','c42ee98d-b18f-4084-943f-58371863588c','2024-06-05 07:32:24'),('e3d5d919-0673-4dc5-8f03-e81dce2ac0ee','c42ee98d-b18f-4084-943f-58371863588c','2024-06-05 07:38:04'),('e3d5d919-0673-4dc5-8f03-e81dce2ac0ee','c42ee98d-b18f-4084-943f-58371863588c','2024-06-05 07:38:20'),('e3d5d919-0673-4dc5-8f03-e81dce2ac0ee','c42ee98d-b18f-4084-943f-58371863588c','2024-06-05 09:13:19'),('e3d5d919-0673-4dc5-8f03-e81dce2ac0ee','c42ee98d-b18f-4084-943f-58371863588c','2024-06-05 09:18:26'),('e3d5d919-0673-4dc5-8f03-e81dce2ac0ee','c42ee98d-b18f-4084-943f-58371863588c','2024-06-05 09:21:39'),('e3d5d919-0673-4dc5-8f03-e81dce2ac0ee','c42ee98d-b18f-4084-943f-58371863588c','2024-06-05 09:24:28'),('e3d5d919-0673-4dc5-8f03-e81dce2ac0ee','c42ee98d-b18f-4084-943f-58371863588c','2024-06-05 10:25:59'),('e3d5d919-0673-4dc5-8f03-e81dce2ac0ee','c42ee98d-b18f-4084-943f-58371863588c','2024-06-05 10:35:50'),('e3d5d919-0673-4dc5-8f03-e81dce2ac0ee','c42ee98d-b18f-4084-943f-58371863588c','2024-06-05 13:38:49'),('e3d5d919-0673-4dc5-8f03-e81dce2ac0ee','c42ee98d-b18f-4084-943f-58371863588c','2024-06-05 13:41:12'),('e3d5d919-0673-4dc5-8f03-e81dce2ac0ee','c42ee98d-b18f-4084-943f-58371863588c','2024-06-05 13:52:07'),('e3d5d919-0673-4dc5-8f03-e81dce2ac0ee','c42ee98d-b18f-4084-943f-58371863588c','2024-06-05 14:05:50'),('e3d5d919-0673-4dc5-8f03-e81dce2ac0ee','c42ee98d-b18f-4084-943f-58371863588c','2024-06-05 14:13:45'),('e3d5d919-0673-4dc5-8f03-e81dce2ac0ee','c42ee98d-b18f-4084-943f-58371863588c','2024-06-05 14:16:55'),('e3d5d919-0673-4dc5-8f03-e81dce2ac0ee','c42ee98d-b18f-4084-943f-58371863588c','2024-06-05 14:20:19'),('e3d5d919-0673-4dc5-8f03-e81dce2ac0ee','c42ee98d-b18f-4084-943f-58371863588c','2024-06-05 14:21:32'),('bd6b6989-6c7f-4ae3-ae8a-f156b8694cba','c4d3f7da-8466-4075-8613-9e7dcdf0056b','2024-06-11 14:54:37'),('bd6b6989-6c7f-4ae3-ae8a-f156b8694cba','ce004fb3-0a68-4e8c-b6fb-1ff9743422c7','2024-06-11 15:12:28'),('bd6b6989-6c7f-4ae3-ae8a-f156b8694cba','ce004fb3-0a68-4e8c-b6fb-1ff9743422c7','2024-06-11 15:27:26'),('bd6b6989-6c7f-4ae3-ae8a-f156b8694cba','ce004fb3-0a68-4e8c-b6fb-1ff9743422c7','2024-06-11 15:37:51'),('bd6b6989-6c7f-4ae3-ae8a-f156b8694cba','ce004fb3-0a68-4e8c-b6fb-1ff9743422c7','2024-06-11 15:41:57'),('bd6b6989-6c7f-4ae3-ae8a-f156b8694cba','db7b919e-710a-4f1f-b11e-f2f7e8993805','2024-06-07 15:02:37'),('bd6b6989-6c7f-4ae3-ae8a-f156b8694cba','db7b919e-710a-4f1f-b11e-f2f7e8993805','2024-06-10 10:02:46'),('e3d5d919-0673-4dc5-8f03-e81dce2ac0ee','db7b919e-710a-4f1f-b11e-f2f7e8993805','2024-06-04 18:35:26'),('e3d5d919-0673-4dc5-8f03-e81dce2ac0ee','db7b919e-710a-4f1f-b11e-f2f7e8993805','2024-06-04 18:52:32'),('e3d5d919-0673-4dc5-8f03-e81dce2ac0ee','db7b919e-710a-4f1f-b11e-f2f7e8993805','2024-06-04 18:52:42'),('e3d5d919-0673-4dc5-8f03-e81dce2ac0ee','db7b919e-710a-4f1f-b11e-f2f7e8993805','2024-06-04 18:55:30'),('e3d5d919-0673-4dc5-8f03-e81dce2ac0ee','db7b919e-710a-4f1f-b11e-f2f7e8993805','2024-06-04 18:55:32'),('e3d5d919-0673-4dc5-8f03-e81dce2ac0ee','db7b919e-710a-4f1f-b11e-f2f7e8993805','2024-06-04 18:55:37'),('e3d5d919-0673-4dc5-8f03-e81dce2ac0ee','db7b919e-710a-4f1f-b11e-f2f7e8993805','2024-06-04 18:55:43'),('e3d5d919-0673-4dc5-8f03-e81dce2ac0ee','db7b919e-710a-4f1f-b11e-f2f7e8993805','2024-06-04 18:55:53'),('e3d5d919-0673-4dc5-8f03-e81dce2ac0ee','db7b919e-710a-4f1f-b11e-f2f7e8993805','2024-06-04 18:57:56'),('e3d5d919-0673-4dc5-8f03-e81dce2ac0ee','db7b919e-710a-4f1f-b11e-f2f7e8993805','2024-06-04 18:58:06'),('e3d5d919-0673-4dc5-8f03-e81dce2ac0ee','db7b919e-710a-4f1f-b11e-f2f7e8993805','2024-06-04 19:01:46'),('e3d5d919-0673-4dc5-8f03-e81dce2ac0ee','db7b919e-710a-4f1f-b11e-f2f7e8993805','2024-06-04 19:02:03'),('e3d5d919-0673-4dc5-8f03-e81dce2ac0ee','db7b919e-710a-4f1f-b11e-f2f7e8993805','2024-06-04 19:02:09'),('e3d5d919-0673-4dc5-8f03-e81dce2ac0ee','db7b919e-710a-4f1f-b11e-f2f7e8993805','2024-06-04 19:04:55'),('e3d5d919-0673-4dc5-8f03-e81dce2ac0ee','db7b919e-710a-4f1f-b11e-f2f7e8993805','2024-06-04 19:05:02'),('e3d5d919-0673-4dc5-8f03-e81dce2ac0ee','db7b919e-710a-4f1f-b11e-f2f7e8993805','2024-06-04 19:05:08'),('e3d5d919-0673-4dc5-8f03-e81dce2ac0ee','db7b919e-710a-4f1f-b11e-f2f7e8993805','2024-06-04 19:05:10'),('e3d5d919-0673-4dc5-8f03-e81dce2ac0ee','db7b919e-710a-4f1f-b11e-f2f7e8993805','2024-06-04 19:05:11'),('e3d5d919-0673-4dc5-8f03-e81dce2ac0ee','db7b919e-710a-4f1f-b11e-f2f7e8993805','2024-06-04 19:05:15'),('e3d5d919-0673-4dc5-8f03-e81dce2ac0ee','db7b919e-710a-4f1f-b11e-f2f7e8993805','2024-06-04 19:05:21'),('e3d5d919-0673-4dc5-8f03-e81dce2ac0ee','db7b919e-710a-4f1f-b11e-f2f7e8993805','2024-06-04 19:05:31'),('e3d5d919-0673-4dc5-8f03-e81dce2ac0ee','db7b919e-710a-4f1f-b11e-f2f7e8993805','2024-06-04 19:05:38'),('e3d5d919-0673-4dc5-8f03-e81dce2ac0ee','db7b919e-710a-4f1f-b11e-f2f7e8993805','2024-06-04 19:09:39'),('e3d5d919-0673-4dc5-8f03-e81dce2ac0ee','db7b919e-710a-4f1f-b11e-f2f7e8993805','2024-06-04 19:11:11'),('e3d5d919-0673-4dc5-8f03-e81dce2ac0ee','db7b919e-710a-4f1f-b11e-f2f7e8993805','2024-06-04 19:14:51'),('e3d5d919-0673-4dc5-8f03-e81dce2ac0ee','db7b919e-710a-4f1f-b11e-f2f7e8993805','2024-06-04 19:15:09'),('e3d5d919-0673-4dc5-8f03-e81dce2ac0ee','db7b919e-710a-4f1f-b11e-f2f7e8993805','2024-06-04 19:15:10'),('e3d5d919-0673-4dc5-8f03-e81dce2ac0ee','db7b919e-710a-4f1f-b11e-f2f7e8993805','2024-06-04 19:15:15'),('e3d5d919-0673-4dc5-8f03-e81dce2ac0ee','db7b919e-710a-4f1f-b11e-f2f7e8993805','2024-06-04 19:28:05'),('e3d5d919-0673-4dc5-8f03-e81dce2ac0ee','db7b919e-710a-4f1f-b11e-f2f7e8993805','2024-06-04 19:29:01'),('e3d5d919-0673-4dc5-8f03-e81dce2ac0ee','db7b919e-710a-4f1f-b11e-f2f7e8993805','2024-06-05 07:38:36'),('e3d5d919-0673-4dc5-8f03-e81dce2ac0ee','db7b919e-710a-4f1f-b11e-f2f7e8993805','2024-06-05 07:38:55'),('e3d5d919-0673-4dc5-8f03-e81dce2ac0ee','db7b919e-710a-4f1f-b11e-f2f7e8993805','2024-06-05 07:41:00'),('e3d5d919-0673-4dc5-8f03-e81dce2ac0ee','db7b919e-710a-4f1f-b11e-f2f7e8993805','2024-06-05 09:21:44'),('e3d5d919-0673-4dc5-8f03-e81dce2ac0ee','db7b919e-710a-4f1f-b11e-f2f7e8993805','2024-06-05 09:22:01'),('e3d5d919-0673-4dc5-8f03-e81dce2ac0ee','db7b919e-710a-4f1f-b11e-f2f7e8993805','2024-06-05 13:19:58'),('e3d5d919-0673-4dc5-8f03-e81dce2ac0ee','db7b919e-710a-4f1f-b11e-f2f7e8993805','2024-06-05 13:39:41'),('bd6b6989-6c7f-4ae3-ae8a-f156b8694cba','e021aa9e-2d3b-437d-8214-533eb3b2089e','2024-06-11 14:16:53'),('bd6b6989-6c7f-4ae3-ae8a-f156b8694cba','fb95a41a-0d9b-4805-811b-23123213232','2024-06-05 15:08:24'),('bd6b6989-6c7f-4ae3-ae8a-f156b8694cba','fb95a41a-0d9b-4805-811b-23123213232','2024-06-05 15:39:57'),('bd6b6989-6c7f-4ae3-ae8a-f156b8694cba','fb95a41a-0d9b-4805-811b-23123213232','2024-06-06 04:47:28'),('bd6b6989-6c7f-4ae3-ae8a-f156b8694cba','fb95a41a-0d9b-4805-811b-23123213232','2024-06-06 09:17:23'),('bd6b6989-6c7f-4ae3-ae8a-f156b8694cba','fb95a41a-0d9b-4805-811b-23123213232','2024-06-06 10:48:56'),('bd6b6989-6c7f-4ae3-ae8a-f156b8694cba','fb95a41a-0d9b-4805-811b-23123213232','2024-06-06 11:22:02'),('bd6b6989-6c7f-4ae3-ae8a-f156b8694cba','fb95a41a-0d9b-4805-811b-23123213232','2024-06-06 14:19:37'),('bd6b6989-6c7f-4ae3-ae8a-f156b8694cba','fb95a41a-0d9b-4805-811b-23123213232','2024-06-06 14:30:39'),('bd6b6989-6c7f-4ae3-ae8a-f156b8694cba','fb95a41a-0d9b-4805-811b-23123213232','2024-06-06 18:32:28'),('bd6b6989-6c7f-4ae3-ae8a-f156b8694cba','fb95a41a-0d9b-4805-811b-23123213232','2024-06-07 07:27:24'),('bd6b6989-6c7f-4ae3-ae8a-f156b8694cba','fb95a41a-0d9b-4805-811b-23123213232','2024-06-07 07:31:31'),('bd6b6989-6c7f-4ae3-ae8a-f156b8694cba','fb95a41a-0d9b-4805-811b-23123213232','2024-06-07 07:52:38'),('bd6b6989-6c7f-4ae3-ae8a-f156b8694cba','fb95a41a-0d9b-4805-811b-23123213232','2024-06-07 14:44:31'),('bd6b6989-6c7f-4ae3-ae8a-f156b8694cba','fb95a41a-0d9b-4805-811b-23123213232','2024-06-07 16:57:41'),('bd6b6989-6c7f-4ae3-ae8a-f156b8694cba','fb95a41a-0d9b-4805-811b-23123213232','2024-06-08 08:54:58'),('bd6b6989-6c7f-4ae3-ae8a-f156b8694cba','fb95a41a-0d9b-4805-811b-23123213232','2024-06-08 09:01:06'),('bd6b6989-6c7f-4ae3-ae8a-f156b8694cba','fb95a41a-0d9b-4805-811b-23123213232','2024-06-08 09:04:14'),('bd6b6989-6c7f-4ae3-ae8a-f156b8694cba','fb95a41a-0d9b-4805-811b-23123213232','2024-06-10 10:03:09'),('bd6b6989-6c7f-4ae3-ae8a-f156b8694cba','fb95a41a-0d9b-4805-811b-23123213232','2024-06-11 07:56:17'),('e3d5d919-0673-4dc5-8f03-e81dce2ac0ee','fb95a41a-0d9b-4805-811b-e77ff4773c31','2024-06-04 14:21:42'),('e3d5d919-0673-4dc5-8f03-e81dce2ac0ee','fb95a41a-0d9b-4805-811b-e77ff4773c31','2024-06-04 14:23:12'),('e3d5d919-0673-4dc5-8f03-e81dce2ac0ee','fb95a41a-0d9b-4805-811b-e77ff4773c31','2024-06-04 14:23:15'),('e3d5d919-0673-4dc5-8f03-e81dce2ac0ee','fb95a41a-0d9b-4805-811b-e77ff4773c31','2024-06-04 14:23:16'),('e3d5d919-0673-4dc5-8f03-e81dce2ac0ee','fb95a41a-0d9b-4805-811b-e77ff4773c31','2024-06-04 14:24:01'),('e3d5d919-0673-4dc5-8f03-e81dce2ac0ee','fb95a41a-0d9b-4805-811b-e77ff4773c31','2024-06-04 14:24:10'),('e3d5d919-0673-4dc5-8f03-e81dce2ac0ee','fb95a41a-0d9b-4805-811b-e77ff4773c31','2024-06-04 18:35:31'),('e3d5d919-0673-4dc5-8f03-e81dce2ac0ee','fb95a41a-0d9b-4805-811b-e77ff4773c31','2024-06-04 18:52:24'),('e3d5d919-0673-4dc5-8f03-e81dce2ac0ee','fb95a41a-0d9b-4805-811b-e77ff4773c31','2024-06-04 18:52:33'),('e3d5d919-0673-4dc5-8f03-e81dce2ac0ee','fb95a41a-0d9b-4805-811b-e77ff4773c31','2024-06-04 18:52:37'),('e3d5d919-0673-4dc5-8f03-e81dce2ac0ee','fb95a41a-0d9b-4805-811b-e77ff4773c31','2024-06-04 18:55:30'),('e3d5d919-0673-4dc5-8f03-e81dce2ac0ee','fb95a41a-0d9b-4805-811b-e77ff4773c31','2024-06-04 18:55:39'),('e3d5d919-0673-4dc5-8f03-e81dce2ac0ee','fb95a41a-0d9b-4805-811b-e77ff4773c31','2024-06-04 18:55:40'),('e3d5d919-0673-4dc5-8f03-e81dce2ac0ee','fb95a41a-0d9b-4805-811b-e77ff4773c31','2024-06-04 18:55:52'),('e3d5d919-0673-4dc5-8f03-e81dce2ac0ee','fb95a41a-0d9b-4805-811b-e77ff4773c31','2024-06-04 18:58:02'),('e3d5d919-0673-4dc5-8f03-e81dce2ac0ee','fb95a41a-0d9b-4805-811b-e77ff4773c31','2024-06-04 18:58:05'),('e3d5d919-0673-4dc5-8f03-e81dce2ac0ee','fb95a41a-0d9b-4805-811b-e77ff4773c31','2024-06-04 19:02:08'),('e3d5d919-0673-4dc5-8f03-e81dce2ac0ee','fb95a41a-0d9b-4805-811b-e77ff4773c31','2024-06-04 19:05:06'),('e3d5d919-0673-4dc5-8f03-e81dce2ac0ee','fb95a41a-0d9b-4805-811b-e77ff4773c31','2024-06-04 19:05:09'),('e3d5d919-0673-4dc5-8f03-e81dce2ac0ee','fb95a41a-0d9b-4805-811b-e77ff4773c31','2024-06-04 19:05:10'),('e3d5d919-0673-4dc5-8f03-e81dce2ac0ee','fb95a41a-0d9b-4805-811b-e77ff4773c31','2024-06-04 19:05:12'),('e3d5d919-0673-4dc5-8f03-e81dce2ac0ee','fb95a41a-0d9b-4805-811b-e77ff4773c31','2024-06-04 19:05:13'),('e3d5d919-0673-4dc5-8f03-e81dce2ac0ee','fb95a41a-0d9b-4805-811b-e77ff4773c31','2024-06-04 19:05:19'),('e3d5d919-0673-4dc5-8f03-e81dce2ac0ee','fb95a41a-0d9b-4805-811b-e77ff4773c31','2024-06-04 19:05:32'),('e3d5d919-0673-4dc5-8f03-e81dce2ac0ee','fb95a41a-0d9b-4805-811b-e77ff4773c31','2024-06-04 19:05:37'),('e3d5d919-0673-4dc5-8f03-e81dce2ac0ee','fb95a41a-0d9b-4805-811b-e77ff4773c31','2024-06-04 19:11:16'),('e3d5d919-0673-4dc5-8f03-e81dce2ac0ee','fb95a41a-0d9b-4805-811b-e77ff4773c31','2024-06-04 19:11:41'),('e3d5d919-0673-4dc5-8f03-e81dce2ac0ee','fb95a41a-0d9b-4805-811b-e77ff4773c31','2024-06-04 19:14:56'),('e3d5d919-0673-4dc5-8f03-e81dce2ac0ee','fb95a41a-0d9b-4805-811b-e77ff4773c31','2024-06-04 19:15:17'),('e3d5d919-0673-4dc5-8f03-e81dce2ac0ee','fb95a41a-0d9b-4805-811b-e77ff4773c31','2024-06-04 19:28:03'),('e3d5d919-0673-4dc5-8f03-e81dce2ac0ee','fb95a41a-0d9b-4805-811b-e77ff4773c31','2024-06-04 19:28:13'),('e3d5d919-0673-4dc5-8f03-e81dce2ac0ee','fb95a41a-0d9b-4805-811b-e77ff4773c31','2024-06-04 19:28:48'),('e3d5d919-0673-4dc5-8f03-e81dce2ac0ee','fb95a41a-0d9b-4805-811b-e77ff4773c31','2024-06-04 19:29:02'),('e3d5d919-0673-4dc5-8f03-e81dce2ac0ee','fb95a41a-0d9b-4805-811b-e77ff4773c31','2024-06-05 09:22:08'),('e3d5d919-0673-4dc5-8f03-e81dce2ac0ee','fb95a41a-0d9b-4805-811b-e77ff4773c31','2024-06-05 09:22:15'),('e3d5d919-0673-4dc5-8f03-e81dce2ac0ee','fb95a41a-0d9b-4805-811b-e77ff4773c31','2024-06-05 12:43:52'),('e3d5d919-0673-4dc5-8f03-e81dce2ac0ee','fb95a41a-0d9b-4805-811b-e77ff4773c31','2024-06-05 12:55:49'),('e3d5d919-0673-4dc5-8f03-e81dce2ac0ee','fb95a41a-0d9b-4805-811b-e77ff4773c31','2024-06-05 13:41:36'),('e3d5d919-0673-4dc5-8f03-e81dce2ac0ee','fb95a41a-0d9b-4805-811b-e77ff4773c31','2024-06-05 13:51:57'),('e3d5d919-0673-4dc5-8f03-e81dce2ac0ee','fb95a41a-0d9b-4805-811b-e77ff4773c31','2024-06-05 14:05:48'),('e3d5d919-0673-4dc5-8f03-e81dce2ac0ee','fb95a41a-0d9b-4805-811b-e77ff4773c31','2024-06-05 14:13:43'),('e3d5d919-0673-4dc5-8f03-e81dce2ac0ee','fb95a41a-0d9b-4805-811b-e77ff4773c31','2024-06-05 14:18:15'),('e3d5d919-0673-4dc5-8f03-e81dce2ac0ee','fb95a41a-0d9b-4805-811b-e77ff4773c31','2024-06-05 14:20:14');
/*!40000 ALTER TABLE `song_plays` ENABLE KEYS */;
UNLOCK TABLES;

--
-- Table structure for table `songs`
--

DROP TABLE IF EXISTS `songs`;
/*!40101 SET @saved_cs_client     = @@character_set_client */;
/*!50503 SET character_set_client = utf8mb4 */;
CREATE TABLE `songs` (
  `id` char(36) NOT NULL,
  `title` varchar(255) NOT NULL,
  `user_id` char(36) NOT NULL,
  `image_path` varchar(255) NOT NULL,
  `song_path` varchar(255) NOT NULL,
  `genre_id` char(36) DEFAULT NULL,
  `public` tinyint(1) DEFAULT '1',
  `is_deleted` tinyint(1) DEFAULT '0',
  `created_at` timestamp NULL DEFAULT (now()),
  `update_at` timestamp NULL DEFAULT NULL,
  PRIMARY KEY (`id`),
  KEY `songs_ibfk_1` (`user_id`),
  KEY `song_ibfk_2_idx` (`genre_id`),
  CONSTRAINT `song_ibfk_2` FOREIGN KEY (`genre_id`) REFERENCES `genre` (`id`) ON DELETE SET NULL ON UPDATE SET NULL,
  CONSTRAINT `songs_ibfk_1` FOREIGN KEY (`user_id`) REFERENCES `users` (`id`) ON DELETE CASCADE ON UPDATE CASCADE
) ENGINE=InnoDB DEFAULT CHARSET=utf8mb4 COLLATE=utf8mb4_0900_ai_ci;
/*!40101 SET character_set_client = @saved_cs_client */;

--
-- Dumping data for table `songs`
--

LOCK TABLES `songs` WRITE;
/*!40000 ALTER TABLE `songs` DISABLE KEYS */;
INSERT INTO `songs` VALUES ('2a801568-725c-4ceb-855f-6d35de19aa15','Chăm sóc em - NEGAV','e3d5d919-0673-4dc5-8f03-e81dce2ac0ee','244636da-7e69-41e5-a328-deccfe86dda8.png','a4cad01e-4950-4962-9832-252a348355e4.mp3','1',1,0,'2024-04-27 16:24:53',NULL),('51c1a7f6-f243-4c4e-aca7-06dfae56a517','NOLOVENOLIFE - HIEUTHUAI','bd6b6989-6c7f-4ae3-ae8a-f156b8694cba','eb3f0439-dde3-4741-abd4-ff0d014cdacf.png','13965068-debb-42dc-85e0-f34eb875e868.mp3','1',1,0,'2024-04-30 13:56:22',NULL),('5463eeb8-4288-4412-a527-89b1f073a0cf','Song 4','bd6b6989-6c7f-4ae3-ae8a-f156b8694cba','','1a22e6af-fdaf-4a89-92d3-a1f31a78f6b5.mp3','1',1,1,'2024-04-30 13:56:10','2024-06-11 14:57:33'),('5898a40d-d33e-411f-b022-5ba51be8cee3','Hãy trao cho anh','bd6b6989-6c7f-4ae3-ae8a-f156b8694cba','168f670e-7d33-419e-b152-257152a93613.png','a64498e7-ba20-4a21-bca4-8505e55249ae.mp3','1',1,0,'2024-04-30 13:56:31',NULL),('5ecf4831-2764-47d9-b171-beee40c37799','Tại vì sao - MCK','bd6b6989-6c7f-4ae3-ae8a-f156b8694cba','3169e073-5796-4732-83a8-8e2458aa7619.png','44cecbab-be6e-4488-8c49-cf390e9cbad7.mp3','1',1,0,'2024-04-30 13:56:02',NULL),('5ef384e1-247c-40ac-82c4-a1818151e54a','hdhdh','bd6b6989-6c7f-4ae3-ae8a-f156b8694cba','4d2dec92-e178-4a48-86df-4640e1d3b6fb.jpg','71244c39-d835-4a09-b32b-42832a327b94.mp3',NULL,1,1,'2024-06-11 14:51:47','2024-06-11 14:52:07'),('6a13b28e-fc83-436a-8c06-16a88ea46ce6','upload song','bd6b6989-6c7f-4ae3-ae8a-f156b8694cba','7b283eaa-28e0-49a3-b49e-e74ce889ca1c.JPG','7b283eaa-28e0-49a3-b49e-e74ce889ca1c.JPG',NULL,0,1,'2024-06-11 06:29:51','2024-06-11 14:47:15'),('77e5b6ad-c155-4b42-bbb0-1b148b8c7070','Song 9','bd6b6989-6c7f-4ae3-ae8a-f156b8694cba','','1a22e6af-fdaf-4a89-92d3-a1f31a78f6b5.mp3','1',1,1,'2024-04-30 13:56:28','2024-06-11 14:50:45'),('77f4eadc-ac7a-4625-9415-68b6bbc8b9ef','bbdhdhd','bd6b6989-6c7f-4ae3-ae8a-f156b8694cba','36c91e7a-404f-4940-8f51-81f49f49b8bc.jpg','0e4974d7-3248-4908-ad2c-23ae25b22cfb.mp3',NULL,1,1,'2024-06-11 14:59:07','2024-06-11 15:07:32'),('85e901f7-fbfe-4dae-82bf-1b4084b082fb','Song 2','e3d5d919-0673-4dc5-8f03-e81dce2ac0ee','be1bc3e8-964d-41f1-9d8f-72dd296ee111.png','1a22e6af-fdaf-4a89-92d3-a1f31a78f6b5.mp3','1',0,1,'2024-04-27 16:24:49',NULL),('8901d709-97bf-4f78-b729-2296933da642','bbdhdhd','bd6b6989-6c7f-4ae3-ae8a-f156b8694cba','f06119a2-6524-4d80-a756-0db447622b69.jpg','bbc1284e-58f3-445c-a111-f29238a26ce4.mp3',NULL,1,1,'2024-06-11 14:59:06','2024-06-11 15:08:52'),('8f97c34c-3578-4db9-874c-192b6ea6c377','hdhdhd','bd6b6989-6c7f-4ae3-ae8a-f156b8694cba','9f63d7ee-d626-468e-9ac5-0415970723c5.jpg','0f4feea9-1fdd-473e-9e25-793175c60a5e.mp3',NULL,1,1,'2024-06-11 14:54:20','2024-06-11 14:57:07'),('9279eead-2f3f-4784-a27e-d6840f04384c','Song 6','bd6b6989-6c7f-4ae3-ae8a-f156b8694cba','244636da-7e69-41e5-a328-deccfe86dda8.png','94487ce5-c768-4ac8-bc41-e68c9a39e0fc.mp3','1',1,0,'2024-04-30 13:56:16',NULL),('9bef92d8-ef01-4628-9cd0-75c1e71d8a53','Song 5','bd6b6989-6c7f-4ae3-ae8a-f156b8694cba','db5b8a14-d284-4c49-beb4-c76af3a81cd0.png','13965068-debb-42dc-85e0-f34eb875e868.mp3','1',1,0,'2024-04-30 13:56:13',NULL),('b3096212-fc5e-42c1-a43d-f33958de8127','Song 3','e3d5d919-0673-4dc5-8f03-e81dce2ac0ee','be1bc3e8-964d-41f1-9d8f-72dd296ee111.png','94487ce5-c768-4ac8-bc41-e68c9a39e0fc.mp3','1',1,0,'2024-04-27 16:24:51',NULL),('b8167d65-107a-4972-8ce6-34147ccf4df8','Nấu cơm cho em','bd6b6989-6c7f-4ae3-ae8a-f156b8694cba','2ddd893d-61d8-4b82-8932-f640ebb53531.png','03f34b58-8683-4636-b265-51708f3b5cdb.mp3','1',1,0,'2024-04-30 13:56:08',NULL),('c20b1e79-c9a1-4f2f-b772-4922d918b9af','Em của ngày hôm qua1','e3d5d919-0673-4dc5-8f03-e81dce2ac0ee','168f670e-7d33-419e-b152-257152a93613.png','03f34b58-8683-4636-b265-51708f3b5cdb.mp3','1',1,0,'2024-04-27 16:24:17',NULL),('c42ee98d-b18f-4084-943f-58371863588c','Song 8','bd6b6989-6c7f-4ae3-ae8a-f156b8694cba','244636da-7e69-41e5-a328-deccfe86dda8.png','94487ce5-c768-4ac8-bc41-e68c9a39e0fc.mp3','1',1,0,'2024-04-30 13:56:25',NULL),('c4d3f7da-8466-4075-8613-9e7dcdf0056b','hdhdhd','bd6b6989-6c7f-4ae3-ae8a-f156b8694cba','d1d647ba-d19c-47e6-b759-20a267a495f0.jpg','b92b190b-c617-4596-8119-7a2392758a6e.mp3',NULL,1,1,'2024-06-11 14:54:21','2024-06-11 14:55:13'),('ce004fb3-0a68-4e8c-b6fb-1ff9743422c7','change songhhh','bd6b6989-6c7f-4ae3-ae8a-f156b8694cba','848a75aa-9980-4e9a-a86b-a1204d3a2c6d.JPG','846d07b0-cd09-4585-abbc-7c35c9bb6014.mp3',NULL,0,0,'2024-06-11 15:06:13','2024-06-11 15:39:45'),('db7b919e-710a-4f1f-b11e-f2f7e8993805','Song 1','e3d5d919-0673-4dc5-8f03-e81dce2ac0ee','be1bc3e8-964d-41f1-9d8f-72dd296ee111.png','94487ce5-c768-4ac8-bc41-e68c9a39e0fc.mp3','1',1,0,'2024-04-27 16:24:47',NULL),('df7f78f4-364a-465e-9d74-fb962c4c87d0','123','bd6b6989-6c7f-4ae3-ae8a-f156b8694cba','6323513d-5414-4c4a-816b-395488d6a34c.JPG','071a707f-da22-4601-9112-213267e58635.mp3',NULL,1,0,'2024-06-11 16:01:39','2024-06-11 17:28:20'),('e021aa9e-2d3b-437d-8214-533eb3b2089e','Song new','bd6b6989-6c7f-4ae3-ae8a-f156b8694cba','78591c88-f5d4-4b7d-b2bb-7d631ebd168f.JPG','8e285174-1e99-4b1d-9c6a-840e6ba67bab.mp3',NULL,0,1,'2024-06-11 14:16:38','2024-06-11 14:29:37'),('e13f347d-35a0-4390-8a98-8dc964b98028','hhdhd','bd6b6989-6c7f-4ae3-ae8a-f156b8694cba','d003488c-36a1-4902-9d95-95b7568599ff.JPG','03b2f77e-94ae-4164-8e63-dde88094f4a0.mp3',NULL,0,1,'2024-06-11 15:59:58','2024-06-11 17:36:12'),('e9574ccb-ec6d-490e-a0bc-ee1200719c49','bbdhdhd','bd6b6989-6c7f-4ae3-ae8a-f156b8694cba','c7e1493a-4819-491f-a47d-1c0138c5f76b.jpg','9057b3e7-85bd-4213-bd63-fce4fde2f89a.mp3',NULL,1,1,'2024-06-11 14:59:02','2024-06-11 15:08:57'),('ed01f831-4bec-4bfd-9eb3-15b1e4f551d5','Song 2','bd6b6989-6c7f-4ae3-ae8a-f156b8694cba','db5b8a14-d284-4c49-beb4-c76af3a81cd0.png','94487ce5-c768-4ac8-bc41-e68c9a39e0fc.mp3','1',0,1,'2024-04-30 13:56:05',NULL),('efa73cfe-5504-4dd1-aadb-545a9b3fd358','73737373hdhdhd','bd6b6989-6c7f-4ae3-ae8a-f156b8694cba','e08fd1fd-99cd-4018-84b7-52d42adef910.JPG','3d755e49-b2f1-42c0-8105-934ccca96b21.mp3',NULL,1,0,'2024-06-11 17:36:53','2024-06-11 17:40:49'),('fb95a41a-0d9b-4805-811b-23123213232','song 20s ','e3d5d919-0673-4dc5-8f03-e81dce2ac0ee','be1bc3e8-964d-41f1-9d8f-72dd296ee111.png','62f50819-983a-462e-a3a3-2b866ce02022.mp3','1',1,0,'2024-04-27 16:23:56',NULL),('fb95a41a-0d9b-4805-811b-e77ff4773c31','Em của ngày hôm qua2','e3d5d919-0673-4dc5-8f03-e81dce2ac0ee','be1bc3e8-964d-41f1-9d8f-72dd296ee111.png','94487ce5-c768-4ac8-bc41-e68c9a39e0fc.mp3','1',0,0,'2024-04-27 16:23:56',NULL);
/*!40000 ALTER TABLE `songs` ENABLE KEYS */;
UNLOCK TABLES;

--
-- Table structure for table `user_songs`
--

DROP TABLE IF EXISTS `user_songs`;
/*!40101 SET @saved_cs_client     = @@character_set_client */;
/*!50503 SET character_set_client = utf8mb4 */;
CREATE TABLE `user_songs` (
  `user_id` char(36) NOT NULL,
  `song_id` char(36) NOT NULL,
  `confirm` tinyint(1) DEFAULT '0',
  PRIMARY KEY (`user_id`,`song_id`),
  KEY `user_songs_ibfk_1` (`song_id`),
  CONSTRAINT `user_songs_ibfk_1` FOREIGN KEY (`song_id`) REFERENCES `songs` (`id`)
) ENGINE=InnoDB DEFAULT CHARSET=utf8mb4 COLLATE=utf8mb4_0900_ai_ci;
/*!40101 SET character_set_client = @saved_cs_client */;

--
-- Dumping data for table `user_songs`
--

LOCK TABLES `user_songs` WRITE;
/*!40000 ALTER TABLE `user_songs` DISABLE KEYS */;
/*!40000 ALTER TABLE `user_songs` ENABLE KEYS */;
UNLOCK TABLES;

--
-- Table structure for table `users`
--

DROP TABLE IF EXISTS `users`;
/*!40101 SET @saved_cs_client     = @@character_set_client */;
/*!50503 SET character_set_client = utf8mb4 */;
CREATE TABLE `users` (
  `id` char(36) NOT NULL,
  `name` varchar(255) NOT NULL,
  `email` varchar(255) NOT NULL,
  `password` varchar(255) NOT NULL,
  `image_path` varchar(255) DEFAULT NULL,
  `verified` tinyint(1) DEFAULT '0',
  `is_admin` tinyint(1) DEFAULT '0',
  `email_verified_at` timestamp NULL DEFAULT NULL,
  `gender` varchar(45) DEFAULT NULL,
  `brithday` datetime DEFAULT NULL,
  PRIMARY KEY (`id`)
) ENGINE=InnoDB DEFAULT CHARSET=utf8mb4 COLLATE=utf8mb4_0900_ai_ci;
/*!40101 SET character_set_client = @saved_cs_client */;

--
-- Dumping data for table `users`
--

LOCK TABLES `users` WRITE;
/*!40000 ALTER TABLE `users` DISABLE KEYS */;
INSERT INTO `users` VALUES ('17fa26a7-f486-4cff-8858-a3998ab22cae','Vũ','3@g.com','$2b$10$HLRNNirDEvvRzQ/LBBOuuOqa2yusmyg.lJbq/f9pl5wU4KDmazWJ.','c75b4c99-ccd7-4cbb-82cc-e997adc38092.png',NULL,NULL,'2024-04-27 15:40:58',NULL,NULL),('3384b101-fa2a-4b98-8374-6dc53037519c','Sơn Tùng MTP','10@g.com','$2b$10$TRrU0vFkPwCyMeFQJKQHJOjjF9GC3L7KlLoS7oXdHO.MDL65BaVNS','da8ec1bd-4dd2-408a-8bec-91e3eb3cb7a4.JPG',NULL,NULL,'2024-05-07 15:17:08','',NULL),('35b2c4aa-6ffe-4bcd-990f-e56754a81573','Minh Hiếu ','1@g.com','$2b$10$NUKc1guirWlTVzZyMDO3FeLOY1Z0yc6wlG7zkeTcBA/LBduBJkb/i',NULL,NULL,NULL,'2024-04-27 15:40:36',NULL,NULL),('36156136-cdec-443b-9bef-858dd8b81381','Datkaa','11@g.com','$2b$10$SjM.UclS5F0U.ZSSZsUg8eJfB8XNxMzw7GJHOnwpG9UsWye/RJn32',NULL,NULL,NULL,'2024-05-07 18:15:51',NULL,NULL),('3fb128f9-5e82-408e-abee-b85145e6ad58','Tấn Mãi','7@g.com','$2b$10$vMofKwYY2Z1ilQV21azhpuXpCNxK0lrCHPMnR2ZlzGtrox1cFv0Ti','8502b90c-bedf-421e-bda9-eeef1cd1d651.jpg',NULL,NULL,'2024-05-06 18:45:11','',NULL),('40a3afca-1e61-47aa-9d8e-e6684e3ddded','Phan Mạnh Quỳnh','8@g.com','$2b$10$/DKLy/W1Hq7jiElxLAVpyOKAARkQi72iw1GQEfcit240FIN8EnNrC',NULL,NULL,NULL,'2024-05-06 18:48:35',NULL,NULL),('8f912d16-bcb2-460b-a329-291be4a44512','Đen','2@g.com','$2b$10$adzllDkoF550a5y78BBYEe53e3HPaaa6fu9cS.GCc5wBNmxGGR5R2','c75b4c99-ccd7-4cbb-82cc-e997adc38092.png',NULL,NULL,NULL,NULL,NULL),('bd6b6989-6c7f-4ae3-ae8a-f156b8694cba','Sơn Tùng MTP','100@g.com','$2b$10$fW..1Pc4Ylyw7CsCwzGBueyOWEVmYQl5ofV7LsmMzumOb0YNSD8w.','bf2f06cd-f0e6-41d8-9412-246294d597eb.jpg',NULL,NULL,'2024-04-30 11:41:56','Female',NULL),('cce275eb-5208-44f0-abf1-d50467ffc781','Charlie Puth','14@g.com','$2b$10$n7s.Lz.P9qXXISZebUF0C.THa8YHXPbi6DdDWc9XPz94wzjyr3uam',NULL,NULL,NULL,'2024-05-10 14:22:16','',NULL),('e3d5d919-0673-4dc5-8f03-e81dce2ac0ee','Hòa Minzy','4@g.com','$2b$10$ZxljxbzT418kNENUJYU2te1sPeZxRznIBK0Ux.kS3igH1tzCFszLq','ce161da4-59ad-4862-bc2a-5a0d704f07a6.jpg',NULL,NULL,'2024-04-27 15:41:39',NULL,NULL);
/*!40000 ALTER TABLE `users` ENABLE KEYS */;
UNLOCK TABLES;

--
-- Table structure for table `verification_codes`
--

DROP TABLE IF EXISTS `verification_codes`;
/*!40101 SET @saved_cs_client     = @@character_set_client */;
/*!50503 SET character_set_client = utf8mb4 */;
CREATE TABLE `verification_codes` (
  `user_id` char(36) NOT NULL,
  `code` varchar(4) NOT NULL,
  `created_at` timestamp NULL DEFAULT (now()),
  PRIMARY KEY (`user_id`),
  CONSTRAINT `verification_codes_ibfk_1` FOREIGN KEY (`user_id`) REFERENCES `users` (`id`) ON DELETE CASCADE ON UPDATE CASCADE
) ENGINE=InnoDB DEFAULT CHARSET=utf8mb4 COLLATE=utf8mb4_0900_ai_ci;
/*!40101 SET character_set_client = @saved_cs_client */;

--
-- Dumping data for table `verification_codes`
--

LOCK TABLES `verification_codes` WRITE;
/*!40000 ALTER TABLE `verification_codes` DISABLE KEYS */;
INSERT INTO `verification_codes` VALUES ('3384b101-fa2a-4b98-8374-6dc53037519c','5887','2024-05-13 14:39:10');
/*!40000 ALTER TABLE `verification_codes` ENABLE KEYS */;
UNLOCK TABLES;

--
-- Final view structure for view `favourite_playlists_count`
--

/*!50001 DROP VIEW IF EXISTS `favourite_playlists_count`*/;
/*!50001 SET @saved_cs_client          = @@character_set_client */;
/*!50001 SET @saved_cs_results         = @@character_set_results */;
/*!50001 SET @saved_col_connection     = @@collation_connection */;
/*!50001 SET character_set_client      = utf8mb4 */;
/*!50001 SET character_set_results     = utf8mb4 */;
/*!50001 SET collation_connection      = utf8mb4_0900_ai_ci */;
/*!50001 CREATE ALGORITHM=UNDEFINED */
/*!50013 DEFINER=`root`@`localhost` SQL SECURITY DEFINER */
/*!50001 VIEW `favourite_playlists_count` AS select `favourite_playlists`.`playlist_id` AS `playlist_id`,count(0) AS `count` from `favourite_playlists` group by `favourite_playlists`.`playlist_id` */;
/*!50001 SET character_set_client      = @saved_cs_client */;
/*!50001 SET character_set_results     = @saved_cs_results */;
/*!50001 SET collation_connection      = @saved_col_connection */;

--
-- Final view structure for view `favourite_songs_count`
--

/*!50001 DROP VIEW IF EXISTS `favourite_songs_count`*/;
/*!50001 SET @saved_cs_client          = @@character_set_client */;
/*!50001 SET @saved_cs_results         = @@character_set_results */;
/*!50001 SET @saved_col_connection     = @@collation_connection */;
/*!50001 SET character_set_client      = utf8mb4 */;
/*!50001 SET character_set_results     = utf8mb4 */;
/*!50001 SET collation_connection      = utf8mb4_0900_ai_ci */;
/*!50001 CREATE ALGORITHM=UNDEFINED */
/*!50013 DEFINER=`root`@`localhost` SQL SECURITY DEFINER */
/*!50001 VIEW `favourite_songs_count` AS select `favourite_songs`.`song_id` AS `song_id`,count(0) AS `count` from `favourite_songs` group by `favourite_songs`.`song_id` */;
/*!50001 SET character_set_client      = @saved_cs_client */;
/*!50001 SET character_set_results     = @saved_cs_results */;
/*!50001 SET collation_connection      = @saved_col_connection */;

--
-- Final view structure for view `followers_count`
--

/*!50001 DROP VIEW IF EXISTS `followers_count`*/;
/*!50001 SET @saved_cs_client          = @@character_set_client */;
/*!50001 SET @saved_cs_results         = @@character_set_results */;
/*!50001 SET @saved_col_connection     = @@collation_connection */;
/*!50001 SET character_set_client      = utf8mb4 */;
/*!50001 SET character_set_results     = utf8mb4 */;
/*!50001 SET collation_connection      = utf8mb4_0900_ai_ci */;
/*!50001 CREATE ALGORITHM=UNDEFINED */
/*!50013 DEFINER=`root`@`localhost` SQL SECURITY DEFINER */
/*!50001 VIEW `followers_count` AS select `follows`.`followed_user_id` AS `user_id`,count(0) AS `count` from `follows` group by `follows`.`followed_user_id` */;
/*!50001 SET character_set_client      = @saved_cs_client */;
/*!50001 SET character_set_results     = @saved_cs_results */;
/*!50001 SET collation_connection      = @saved_col_connection */;

--
-- Final view structure for view `following_count`
--

/*!50001 DROP VIEW IF EXISTS `following_count`*/;
/*!50001 SET @saved_cs_client          = @@character_set_client */;
/*!50001 SET @saved_cs_results         = @@character_set_results */;
/*!50001 SET @saved_col_connection     = @@collation_connection */;
/*!50001 SET character_set_client      = utf8mb4 */;
/*!50001 SET character_set_results     = utf8mb4 */;
/*!50001 SET collation_connection      = utf8mb4_0900_ai_ci */;
/*!50001 CREATE ALGORITHM=UNDEFINED */
/*!50013 DEFINER=`root`@`localhost` SQL SECURITY DEFINER */
/*!50001 VIEW `following_count` AS select `follows`.`follower_user_id` AS `user_id`,count(0) AS `count` from `follows` group by `follows`.`follower_user_id` */;
/*!50001 SET character_set_client      = @saved_cs_client */;
/*!50001 SET character_set_results     = @saved_cs_results */;
/*!50001 SET collation_connection      = @saved_col_connection */;

--
-- Final view structure for view `song_listens_count`
--

/*!50001 DROP VIEW IF EXISTS `song_listens_count`*/;
/*!50001 SET @saved_cs_client          = @@character_set_client */;
/*!50001 SET @saved_cs_results         = @@character_set_results */;
/*!50001 SET @saved_col_connection     = @@collation_connection */;
/*!50001 SET character_set_client      = utf8mb4 */;
/*!50001 SET character_set_results     = utf8mb4 */;
/*!50001 SET collation_connection      = utf8mb4_0900_ai_ci */;
/*!50001 CREATE ALGORITHM=UNDEFINED */
/*!50013 DEFINER=`root`@`localhost` SQL SECURITY DEFINER */
/*!50001 VIEW `song_listens_count` AS select `song_plays`.`song_id` AS `song_id`,count(0) AS `count` from `song_plays` group by `song_plays`.`song_id` */;
/*!50001 SET character_set_client      = @saved_cs_client */;
/*!50001 SET character_set_results     = @saved_cs_results */;
/*!50001 SET collation_connection      = @saved_col_connection */;
/*!40103 SET TIME_ZONE=@OLD_TIME_ZONE */;

/*!40101 SET SQL_MODE=@OLD_SQL_MODE */;
/*!40014 SET FOREIGN_KEY_CHECKS=@OLD_FOREIGN_KEY_CHECKS */;
/*!40014 SET UNIQUE_CHECKS=@OLD_UNIQUE_CHECKS */;
/*!40101 SET CHARACTER_SET_CLIENT=@OLD_CHARACTER_SET_CLIENT */;
/*!40101 SET CHARACTER_SET_RESULTS=@OLD_CHARACTER_SET_RESULTS */;
/*!40101 SET COLLATION_CONNECTION=@OLD_COLLATION_CONNECTION */;
/*!40111 SET SQL_NOTES=@OLD_SQL_NOTES */;

-- Dump completed on 2024-06-12  1:03:39
